"PAIS","COD_SKU","FAMILY","MODEL_NAME","BRAND","TIER","STATUS"
PA,"1372",SAMSUNG GALAXY A34 8GB+256GB,SAMSUNG GALAXY A34 8GB+256GB,SAMSUNG,HIGH,EOL
PA,"565",XIAOMI REDMI NOTE 11 128GB,XIAOMI REDMI NOTE 11 128GB,XIAOMI,HIGH,EOL
PA,"486",SAMSUNG A03 CORE 2GB+32GB,SAMSUNG A03 CORE 2GB+32GB,SAMSUNG,MID,EOL
PA,"1431",SAMSUNG GALAXY Z FOLD5 12GB+1TB,SAMSUNG GALAXY Z FOLD5 12GB+1TB,SAMSUNG,FLAGSHIP,EOL
PA,"1452",XIAOMI REDMI A2 2GB+32GB,XIAOMI REDMI A2 2GB+32GB,XIAOMI,MIDLOW,EOL
PA,"1412",XIAOMI REDMI NOTE 12 4GB+128GB,XIAOMI REDMI NOTE 12 4GB+128GB,XIAOMI,ULTRA HIGH,EOL
PA,"1414",XIAOMI REDMI NOTE 12S 8GB+256GB,XIAOMI REDMI NOTE 12S 8GB+256GB,XIAOMI,MIDHIGH,EOL
PA,"1624",HONOR X7B 8GB+256GB,HONOR X7B 8GB+256GB,HONOR,MID,EOL
PA,"1612",SAMSUNG GALAXY A25 5G 6GB+128GB,SAMSUNG GALAXY A25 5G 6GB+128GB,SAMSUNG,MIDHIGH,EOL
PA,"1605",SAMSUNG GALAXY S24 PLUS 12+256GB,SAMSUNG GALAXY S24 PLUS 12+256GB,SAMSUNG,FLAGSHIP,EOL
PA,"1296",SAMSUNG GALAXY S23 ULTRA 12GB+512GB,SAMSUNG GALAXY S23 ULTRA 12GB+512GB,SAMSUNG,FLAGSHIP,EOL
PA,"1382",SAMSUNG GALAXY A54 8GB+256GB,SAMSUNG GALAXY A54 8GB+256GB,SAMSUNG,HIGH,EOL
PA,"451",BMOBILE BL50 1GB + 32GB,BMOBILE BL50 1GB + 32GB,BMOBILE,ENTRY,EOL
PA,"518",SAMSUNG GALAXY A23 4GB+128GB,SAMSUNG GALAXY A23 4GB+128GB,SAMSUNG,MIDHIGH,EOL
PA,"724",IPHONE 14 128GB,IPHONE 14 128GB,APPLE,ULTRA HIGH,EOL
PA,"1356",SAMSUNG GALAXY A04E 3GB+32GB,SAMSUNG GALAXY A04E 3GB+32GB,SAMSUNG,MID,EOL
PA,"712",XIAOMI 12 LITE 128GB,XIAOMI 12 LITE 128GB,XIAOMI,HIGH,EOL
PA,"1320",SAMSUNG GALAXY A04S 4GB+128GB,SAMSUNG GALAXY A04S 4GB+128GB,SAMSUNG,MID,EOL
PA,"1376",SAMSUNG A14 LTE 4GB+128GB,SAMSUNG A14 LTE 4GB+128GB,SAMSUNG,MID,EOL
PA,"523",SAMSUNG GALAXY A53 6GB+128GB,SAMSUNG GALAXY A53 6GB+128GB,SAMSUNG,HIGH,EOL
PA,"742",IPHONE 14 PLUS 256GB,IPHONE 14 PLUS 256GB,APPLE,FLAGSHIP,EOL
PA,"1370",SAMSUNG GALAXY A34 8GB+256GB,SAMSUNG GALAXY A34 8GB+256GB,SAMSUNG,HIGH,EOL
PA,"577",SAMSUNG A03 CORE 2GB+32GB,SAMSUNG A03 CORE 2GB+32GB,SAMSUNG,MID,EOL
PA,"590",HONOR X9 8GB+128GB,HONOR X9 8GB+128GB,HONOR,MIDHIGH,EOL
PA,"598",HONOR X6 4GB+64GB,HONOR X6 4GB+64GB,HONOR,MID,EOL
PA,"520",SAMSUNG GALAXY A13 4+64GB,SAMSUNG GALAXY A13 4+64GB,SAMSUNG,MID,EOL
PA,"608",SAMSUNG GALAXY Z FLIP4 8GB+128GB,SAMSUNG GALAXY Z FLIP4 8GB+128GB,SAMSUNG,FLAGSHIP,EOL
PA,"699",XIAOMI REDMI 10A 2GB+32GB,XIAOMI REDMI 10A 2GB+32GB,XIAOMI,MID,EOL
PA,"1406",SAMSUNG GALAXY A04S 4GB+128GB,SAMSUNG GALAXY A04S 4GB+128GB,SAMSUNG,MID,EOL
PA,"1426",TECNO SPARK 10 PRO 8GB+256GB,TECNO SPARK 10 PRO 8GB+256GB,TECNO,MID,EOL
PA,"1428",TECNO SPARK 10 8GB+128GB,TECNO SPARK 10 8GB+128GB,TECNO,MID,EOL
PA,"1430",TECNO POVA 5 8GB+256GB,TECNO POVA 5 8GB+256GB,TECNO,MIDHIGH,EOL
PA,"2832",MOTOROLA G20 64GB,MOTOROLA G20 64GB,MOTOROLA,MID,EOL
PA,"2833",IPHONE 13 128GB,IPHONE 13 128GB,APPLE,HIGH,EOL
PA,"2834",IPHONE 13 128GB,IPHONE 13 128GB,APPLE,HIGH,EOL
PA,"727",IPHONE 14 128GB,IPHONE 14 128GB,APPLE,ULTRA HIGH,EOL
PA,"730",IPHONE 14 256GB,IPHONE 14 256GB,APPLE,FLAGSHIP,EOL
PA,"732",IPHONE 14 256GB,IPHONE 14 256GB,APPLE,FLAGSHIP,EOL
PA,"733",IPHONE 14 PRO 128GB,IPHONE 14 PRO 128GB,APPLE,FLAGSHIP,EOL
PA,"744",IPHONE 14 PRO 128GB,IPHONE 14 PRO 128GB,APPLE,FLAGSHIP,EOL
PA,"745",IPHONE 14 PRO MAX 128GB,IPHONE 14 PRO MAX 128GB,APPLE,FLAGSHIP,EOL
PA,"748",IPHONE 14 PRO 256GB,IPHONE 14 PRO 256GB,APPLE,FLAGSHIP,EOL
PA,"754",IPHONE 14 PRO 256GB,IPHONE 14 PRO 256GB,APPLE,FLAGSHIP,EOL
PA,"757",SAMSUNG GALAXY S23 ULTRA 12GB+512GB,SAMSUNG GALAXY S23 ULTRA 12GB+512GB,SAMSUNG,FLAGSHIP,EOL
PA,"760",IPHONE 14 PRO MAX 128GB,IPHONE 14 PRO MAX 128GB,APPLE,FLAGSHIP,EOL
PA,"761",IPHONE 14 PRO MAX 256GB,IPHONE 14 PRO MAX 256GB,APPLE,FLAGSHIP,EOL
PA,"762",IPHONE 14 PRO MAX 256GB,IPHONE 14 PRO MAX 256GB,APPLE,FLAGSHIP,EOL
PA,"1294",SAMSUNG GALAXY S23 ULTRA 12GB+512GB,SAMSUNG GALAXY S23 ULTRA 12GB+512GB,SAMSUNG,FLAGSHIP,EOL
PA,"1298",HONOR X7A 6GB+128GB,HONOR X7A 6GB+128GB,HONOR,MID,EOL
PA,"1316",SAMSUNG GALAXY A04 4GB+64GB,SAMSUNG GALAXY A04 4GB+64GB,SAMSUNG,MID,EOL
PA,"1318",SAMSUNG GALAXY A04 4GB+64GB,SAMSUNG GALAXY A04 4GB+64GB,SAMSUNG,MID,EOL
PA,"1325",HONOR X8A 8GB+128GB,HONOR X8A 8GB+128GB,HONOR,MIDHIGH,EOL
PA,"1380",SAMSUNG GALAXY A54 8GB+256GB,SAMSUNG GALAXY A54 8GB+256GB,SAMSUNG,HIGH,EOL
PA,"1546",IPHONE 15 PRO 256GB,IPHONE 15 PRO 256GB,APPLE,FLAGSHIP,EOL
PA,"1557",IPHONE 15 PRO MAX 512GB,IPHONE 15 PRO MAX 512GB,APPLE,FLAGSHIP,EOL
PA,"1560",SAMSUNG GALAXY S23 FE 8GB+256GB,SAMSUNG GALAXY S23 FE 8GB+256GB,SAMSUNG,ULTRA HIGH,EOL
PA,"1509",HONOR 90 12GB+512GB,HONOR 90 12GB+512GB,HONOR,HIGH,EOL
PA,"1511",HONOR 90 12GB+512GB,HONOR 90 12GB+512GB,HONOR,HIGH,EOL
PA,"1536",IPHONE 15 PRO 128GB,IPHONE 15 PRO 128GB,APPLE,FLAGSHIP,EOL
PA,"1528",IPHONE 15 256GB,IPHONE 15 256GB,APPLE,FLAGSHIP,EOL
PA,"371",SAMSUNG S26 PLUS 12GB+256GB,SAMSUNG S26 PLUS 12GB+256GB,SAMSUNG,,ACTIVE
PA,"368",SAMSUNG S26 PLUS 12GB+256GB,SAMSUNG S26 PLUS 12GB+256GB,SAMSUNG,,ACTIVE
PA,"329",SAMSUNG S26 PLUS 12GB+256GB,SAMSUNG S26 PLUS 12GB+256GB,SAMSUNG,,ACTIVE
PA,"328",SAMSUNG S26 PLUS 12GB+256GB,SAMSUNG S26 PLUS 12GB+256GB,SAMSUNG,,ACTIVE
PA,"1393",XIAOMI REDMI 12C 4GB+128GB,XIAOMI REDMI 12C 4GB+128GB,XIAOMI,MID,EOL
PA,"1396",SAMSUNG GALAXY A24 4GB+128GB,SAMSUNG GALAXY A24 4GB+128GB,SAMSUNG,MIDHIGH,EOL
PA,"1403",HONOR MAGIC 5 PRO 12GB+512GB,HONOR MAGIC 5 PRO 12GB+512GB,HONOR,FLAGSHIP,EOL
PA,"492",SAMSUNG GALAXY S21 FE,SAMSUNG GALAXY S21 FE,SAMSUNG,ULTRA HIGH,EOL
PA,"702",SAMSUNG GALAXY Z FOLD4 12GB+512GB,SAMSUNG GALAXY Z FOLD4 12GB+512GB,SAMSUNG,FLAGSHIP,EOL
PA,"485",SAMSUNG A03 CORE 2GB+32GB,SAMSUNG A03 CORE 2GB+32GB,SAMSUNG,MID,EOL
PA,"489",SAMSUNG GALAXY A03 4+64GB,SAMSUNG GALAXY A03 4+64GB,SAMSUNG,MID,EOL
PA,"498",MOTOROLA E40 4GB+64GB,MOTOROLA E40 4GB+64GB,MOTOROLA,MID,EOL
PA,"512",SAMSUNG GALAXY S22 ULTRA 12+256GB,SAMSUNG GALAXY S22 ULTRA 12+256GB,SAMSUNG,FLAGSHIP,EOL
PA,"758",IPHONE 14 PRO MAX 128GB,IPHONE 14 PRO MAX 128GB,APPLE,FLAGSHIP,EOL
PA,"1300",HONOR X7A 6GB+128GB,HONOR X7A 6GB+128GB,HONOR,MID,EOL
PA,"734",IPHONE 13 128GB,IPHONE 13 128GB,APPLE,HIGH,EOL
PA,"1338",SAMSUNG GALAXY S23 PLUS 8GB+256GB,SAMSUNG GALAXY S23 PLUS 8GB+256GB,SAMSUNG,FLAGSHIP,EOL
PA,"521",SAMSUNG GALAXY A13 4+64GB,SAMSUNG GALAXY A13 4+64GB,SAMSUNG,MID,EOL
PA,"584",HUAWEI Y9A,HUAWEI Y9A,HUAWEI,MIDHIGH,EOL
PA,"739",IPHONE 14 PLUS 128GB,IPHONE 14 PLUS 128GB,APPLE,FLAGSHIP,EOL
PA,"1530",IPHONE 15 PLUS 128GB,IPHONE 15 PLUS 128GB,APPLE,FLAGSHIP,EOL
PA,"1533",IPHONE 15 PLUS 256GB,IPHONE 15 PLUS 256GB,APPLE,FLAGSHIP,EOL
PA,"1548",IPHONE 15 PRO MAX 256GB,IPHONE 15 PRO MAX 256GB,APPLE,FLAGSHIP,EOL
PA,"1348",ROUTER HUAWEI B311-522,ROUTER HUAWEI B311-522,HUAWEI,OTHERS,ACTIVO
PA,"1514",HONOR 90 12GB+512GB,HONOR 90 12GB+512GB,HONOR,HIGH,EOL
PA,"1516",IPHONE 15 128GB,IPHONE 15 128GB,APPLE,ULTRA HIGH,ACTIVO
PA,"1524",IPHONE 15 128GB,IPHONE 15 128GB,APPLE,ULTRA HIGH,EOL
PA,"1535",IPHONE 15 PLUS 256GB,IPHONE 15 PLUS 256GB,APPLE,FLAGSHIP,EOL
PA,"1544",IPHONE 15 PRO 256GB,IPHONE 15 PRO 256GB,APPLE,FLAGSHIP,EOL
PA,"1553",IPHONE 15 PRO MAX 256GB,IPHONE 15 PRO MAX 256GB,APPLE,FLAGSHIP,EOL
PA,"1354",SAMSUNG GALAXY A04E 3GB+32GB,SAMSUNG GALAXY A04E 3GB+32GB,SAMSUNG,MID,EOL
PA,"1424",MIFI TCL MW45,MIFI TCL MW45,TCL,OTHERS,ACTIVO
PA,"1469",MIFI TCL MW45,MIFI TCL MW45,TCL,OTHERS,ACTIVO
PA,"1525",IPHONE 15 128GB,IPHONE 15 128GB,APPLE,ULTRA HIGH,EOL
PA,"1541",IPHONE 15 PRO 128GB,IPHONE 15 PRO 128GB,APPLE,FLAGSHIP,EOL
PA,"1556",IPHONE 15 PRO MAX 256GB,IPHONE 15 PRO MAX 256GB,APPLE,FLAGSHIP,EOL
PA,"1526",IPHONE 15 128GB,IPHONE 15 128GB,APPLE,ULTRA HIGH,EOL
PA,"1531",IPHONE 15 PLUS 128GB,IPHONE 15 PLUS 128GB,APPLE,FLAGSHIP,EOL
PA,"1540",IPHONE 15 PRO 128GB,IPHONE 15 PRO 128GB,APPLE,FLAGSHIP,EOL
PA,"1542",IPHONE 15 PRO 128GB,IPHONE 15 PRO 128GB,APPLE,FLAGSHIP,EOL
PA,"1547",IPHONE 15 PRO 256GB,IPHONE 15 PRO 256GB,APPLE,FLAGSHIP,EOL
PA,"1507",HONOR 90 LITE 8GB+256GB,HONOR 90 LITE 8GB+256GB,HONOR,MIDHIGH,EOL
PA,"1543",IPHONE 15 PRO 256GB,IPHONE 15 PRO 256GB,APPLE,FLAGSHIP,EOL
PA,"1550",IPHONE 15 PRO MAX 256GB,IPHONE 15 PRO MAX 256GB,APPLE,FLAGSHIP,EOL
PA,"1518",IPHONE 15 128GB,IPHONE 15 128GB,APPLE,ULTRA HIGH,EOL
PA,"1527",IPHONE 15 256GB,IPHONE 15 256GB,APPLE,FLAGSHIP,EOL
PA,"1436",SAMSUNG GALAXY Z FLIP5 8GB+512GB,SAMSUNG GALAXY Z FLIP5 8GB+512GB,SAMSUNG,FLAGSHIP,EOL
PA,"1638",SAMSUNG GALAXY S24 ULTRA 12GB+512GB,SAMSUNG GALAXY S24 ULTRA 12GB+512GB,SAMSUNG,FLAGSHIP,EOL
PA,"1149",IPHONE 14 PLUS 256GB,IPHONE 14 PLUS 256GB,APPLE,FLAGSHIP,EOL
PA,"1416",SAMSUNG GALAXY A04E 3GB+64GB,SAMSUNG GALAXY A04E 3GB+64GB,SAMSUNG,MID,EOL
PA,"1418",SAMSUNG GALAXY A04E 3GB+64GB,SAMSUNG GALAXY A04E 3GB+64GB,SAMSUNG,MID,EOL
PA,"1411",HONOR MAGIC 5 LITE 8GB+256GB,HONOR MAGIC 5 LITE 8GB+256GB,HONOR,HIGH,EOL
PA,"1438",SAMSUNG GALAXY Z FLIP5 8GB+512GB,SAMSUNG GALAXY Z FLIP5 8GB+512GB,SAMSUNG,FLAGSHIP,EOL
PA,"1577",HONOR X6A PLUS 6GB+128GB,HONOR X6A PLUS 6GB+128GB,HONOR,MID,EOL
PA,"1595",SAMSUNG GALAXY A05 4GB+128GB,SAMSUNG GALAXY A05 4GB+128GB,SAMSUNG,MID,EOL
PA,"1602",SAMSUNG GALAXY A15 6GB+128GB,SAMSUNG GALAXY A15 6GB+128GB,SAMSUNG,MID,EOL
PA,"1666",HONOR X8B 8GB+512GB,HONOR X8B 8GB+512GB,HONOR,MIDHIGH,EOL
PA,"1664",HONOR X6A PLUS 6GB+256GB,HONOR X6A PLUS 6GB+256GB,HONOR,MID,EOL
PA,"1617",SAMSUNG GALAXY A35 5G 8GB+256GB,SAMSUNG GALAXY A35 5G 8GB+256GB,SAMSUNG,MIDHIGH,EOL
PA,"1667",HONOR X8B 8GB+512GB,HONOR X8B 8GB+512GB,HONOR,MIDHIGH,EOL
PA,"1641",HONOR X7B 8GB+256GB,HONOR X7B 8GB+256GB,HONOR,MID,EOL
PA,"1755",SAMSUNG GALAXY S24 FE 8GB+256GB,SAMSUNG GALAXY S24 FE 8GB+256GB,SAMSUNG,ULTRA HIGH,ACTIVO
PA,"1761",HONOR X7B 8GB+256GB,HONOR X7B 8GB+256GB,HONOR,MID,EOL
PA,"1739",IPHONE 16 5G 128GB,IPHONE 16 5G 128GB,APPLE,FLAGSHIP,ACTIVO
PA,"1743",IPHONE 16 PRO MAX 5G 256GB,IPHONE 16 PRO MAX 5G 256GB,APPLE,FLAGSHIP,ACTIVO
PA,"1741",IPHONE 16 5G 256GB,IPHONE 16 5G 256GB,APPLE,FLAGSHIP,ACTIVO
PA,"1754",SAMSUNG GALAXY A06 4GB+128GB,SAMSUNG GALAXY A06 4GB+128GB,SAMSUNG,MIDLOW,ACTIVO
PA,"1744",IPHONE 16 PRO MAX 5G 256GB,IPHONE 16 PRO MAX 5G 256GB,APPLE,FLAGSHIP,ACTIVO
PA,"1757",SAMSUNG TAB A9 4GB+64GB,SAMSUNG TAB A9 4GB+64GB,SAMSUNG,ULTRA HIGH,EOL
PA,"1749",SAMSUNG GALAXY A16 5G 6GB+128GB,SAMSUNG GALAXY A16 5G 6GB+128GB,SAMSUNG,MID,ACTIVO
PA,"1740",IPHONE 16 5G 128GB,IPHONE 16 5G 128GB,APPLE,FLAGSHIP,ACTIVO
PA,"1728",HONOR 200 LITE 5G 8GB+256GB,HONOR 200 LITE 5G 8GB+256GB,HONOR,MIDHIGH,EOL
PA,"1748",SAMSUNG Z FLIP 6 12GB+512GB,SAMSUNG Z FLIP 6 12GB+512GB,SAMSUNG,FLAGSHIP,EOL
PA,"1796",HONOR MAGIC 7 PRO 12GB+512GB,HONOR MAGIC 7 PRO 12GB+512GB,HONOR,FLAGSHIP,ACTIVO
PA,"1805",HONOR X8C 8GB+512GB,HONOR X8C 8GB+512GB,HONOR,MIDHIGH,ACTIVO
PA,"1810",HONOR X8C 8GB+512GB,HONOR X8C 8GB+512GB,HONOR,MIDHIGH,ACTIVO
PA,"1857",SAMSUNG S25 ULTRA 12GB+512GB,SAMSUNG S25 ULTRA 12GB+512GB,SAMSUNG,FLAGSHIP,ACTIVO
PA,"1807",HONOR X8C 8GB+512GB,HONOR X8C 8GB+512GB,HONOR,MIDHIGH,ACTIVO
PA,"1795",HONOR MAGIC 7 LITE 5G 8GB+512GB,HONOR MAGIC 7 LITE 5G 8GB+512GB,HONOR,MIDHIGH,ACTIVO
PA,"1801",HONOR MAGIC 7 PRO 12GB+512GB,HONOR MAGIC 7 PRO 12GB+512GB,HONOR,FLAGSHIP,ACTIVO
PA,"2379",SAMSUNG Z FOLD7 12GB+512GB,SAMSUNG Z FOLD7 12GB+512GB,SAMSUNG,FLAGSHIP,ACTIVE
PA,"2376",SAMSUNG Z FLIP7 12GB+512GB,SAMSUNG Z FLIP7 12GB+512GB,SAMSUNG,FLAGSHIP,ACTIVE
PA,"2377",SAMSUNG Z FLIP7 12GB+512GB,SAMSUNG Z FLIP7 12GB+512GB,SAMSUNG,FLAGSHIP,ACTIVE
PA,"2378",SAMSUNG Z FLIP7 12GB+512GB,SAMSUNG Z FLIP7 12GB+512GB,SAMSUNG,FLAGSHIP,ACTIVE
PA,"197",OPPO RENO 14 F 5G 12GB+256GB,OPPO RENO 14 F 5G 12GB+256GB,OPPO,MIDHIGH,ACTIVE
PA,"2383",OPPO A5X 4GB+128GB,OPPO A5X 4GB+128GB,OPPO,MIDHIGH,ACTIVE
PA,"2397",OPPO A5X 4GB+128GB,OPPO A5X 4GB+128GB,OPPO,MIDHIGH,ACTIVE
PA,"199",OPPO A5X 4GB+128GB,OPPO A5X 4GB+128GB,OPPO,MIDHIGH,ACTIVE
PA,"2396",OPPO A5M 8GB+256GB,OPPO A5M 8GB+256GB,OPPO,MIDHIGH,ACTIVE
PA,"2382",OPPO A5X 4GB+128GB,OPPO A5X 4GB+128GB,OPPO,MIDHIGH,ACTIVE
PA,"198",OPPO RENO 14 F 5G 12GB+256GB,OPPO RENO 14 F 5G 12GB+256GB,OPPO,MIDHIGH,ACTIVE
PA,"2394",HONOR X6C 6GB+256GB,HONOR X6C 6GB+256GB,HONOR,,ACTIVO
PA,"207",HONOR MAGIC 8 LITE 5G 8GB+256GB,HONOR MAGIC 8 LITE 5G 8GB+256GB,HONOR,,ACTIVE
PA,"2398",HONOR MAGIC 8 LITE 5G 8GB+256GB,HONOR MAGIC 8 LITE 5G 8GB+256GB,HONOR,,ACTIVE
PA,"574",HUAWEI NOVA 9SE 6GB+128GB,HUAWEI NOVA 9SE 6GB+128GB,HUAWEI,HIGH,EOL
PA,"534",SAMSUNG A13 4GB+128GB,SAMSUNG A13 4GB+128GB,SAMSUNG,MID,EOL
PA,"555",IPHONE 13 PRO MAX 256GB,IPHONE 13 PRO MAX 256GB,APPLE,FLAGSHIP,EOL
PA,"1732",SAMSUNG GALAXY A51 DUOS LTE,SAMSUNG GALAXY A51 DUOS LTE,SAMSUNG,HIGH,EOL
PA,"2317",LMU 2630 3G,LMU 2630 3G,LMU,OTHERS,EOL
PA,"1782",OPPO A20 4GB+128GB,OPPO A20 4GB+128GB,OPPO,MIDLOW,ACTIVO
PA,"2836",IPHONE 13 256GB,IPHONE 13 256GB,APPLE,FLAGSHIP,EOL
PA,"2296",HUAWEI P10 32GB LTE,HUAWEI P10 32GB LTE,HUAWEI,ULTRA HIGH,EOL
PA,"2795",SAMSUNG GALAXY A32 4+128GB,SAMSUNG GALAXY A32 4+128GB,SAMSUNG,MIDHIGH,EOL
PA,"127",IPHONE 17 256GB,IPHONE 17 256GB,APPLE,FLAGSHIP,ACTIVE
PA,"2010",OPPO A5M 8GB+256GB,OPPO A5M 8GB+256GB,OPPO,MID,ACTIVE
PA,"2370",IPHONE 17 256GB,IPHONE 17 256GB,APPLE,FLAGSHIP,ACTIVE
PA,"2363",IPHONE 17 PRO 256GB,IPHONE 17 PRO 256GB,APPLE,FLAGSHIP,ACTIVE
PA,"2372",IPHONE 17 256GB,IPHONE 17 256GB,APPLE,FLAGSHIP,ACTIVE
PA,"2360",IPHONE 17 PRO MAX 256GB,IPHONE 17 PRO MAX 256GB,APPLE,FLAGSHIP,ACTIVE
PA,"2362",IPHONE 17 PRO 256GB,IPHONE 17 PRO 256GB,APPLE,FLAGSHIP,ACTIVE
PA,"2358",IPHONE 17 PRO MAX 512GB,IPHONE 17 PRO MAX 512GB,APPLE,FLAGSHIP,ACTIVE
PA,"2364",IPHONE 17 PRO 256GB,IPHONE 17 PRO 256GB,APPLE,FLAGSHIP,ACTIVE
PA,"2359",IPHONE 17 PRO MAX 256GB,IPHONE 17 PRO MAX 256GB,APPLE,FLAGSHIP,ACTIVE
PA,"2374",SAMSUNG A17 5G 6GB+128GB,SAMSUNG A17 5G 6GB+128GB,SAMSUNG,FLAGSHIP,ACTIVE
PA,"2351",OPPO A5M 8GB+256GB,OPPO A5M 8GB+256GB,OPPO,MID,ACTIVE
PA,"2365",IPHONE AIR 256GB,IPHONE AIR 256GB,APPLE,FLAGSHIP,ACTIVE
PA,"2357",IPHONE 17 PRO MAX 512GB,IPHONE 17 PRO MAX 512GB,APPLE,FLAGSHIP,ACTIVE
PA,"2353",SAMSUNG A56 5G 12GB+256GB,SAMSUNG A56 5G 12GB+256GB,SAMSUNG,HIGH,ACTIVE
PA,"2361",IPHONE 17 PRO MAX 256GB,IPHONE 17 PRO MAX 256GB,APPLE,FLAGSHIP,ACTIVE
PA,"2368",SAMSUNG Z FLIP7 12GB+512GB,SAMSUNG Z FLIP7 12GB+512GB,SAMSUNG,FLAGSHIP,ACTIVE
PA,"2350",HONOR X6C 6GB+256GB,HONOR X6C 6GB+256GB,HONOR,MID,ACTIVE
PA,"2366",IPHONE AIR 256GB,IPHONE AIR 256GB,APPLE,FLAGSHIP,ACTIVE
PA,"2369",IPHONE 17 256GB,IPHONE 17 256GB BLACK-BES,APPLE,FLAGSHIP,ACTIVO
PA,"2375",SAMSUNG A17 5G 6GB+128GB,SAMSUNG A17 5G 6GB+128GB,SAMSUNG,FLAGSHIP,ACTIVE
PA,"2354",SAMSUNG S25 PLUS 12GB+512GB,SAMSUNG S25 PLUS 12GB+512GB,SAMSUNG,FLAGSHIP,ACTIVE
PA,"126",SAMSUNG A07 4GB+128GB,SAMSUNG A07 4GB+128GB,SAMSUNG,MID,ACTIVE
PA,"2371",IPHONE 17 256GB,IPHONE 17 256GB,APPLE,FLAGSHIP,ACTIVE
PA,"2373",SAMSUNG A17 5G 6GB+128GB,SAMSUNG A17 5G 6GB+128GB,SAMSUNG,MIDHIGH,ACTIVE
PA,"2356",IPHONE 17 PRO MAX 512GB,IPHONE 17 PRO MAX 512GB,APPLE,FLAGSHIP,ACTIVE
PA,"2367",SAMSUNG Z FLIP7 12GB+512GB,SAMSUNG Z FLIP7 12GB+512GB,SAMSUNG,FLAGSHIP,ACTIVE
PA,"740",IPHONE 14 PLUS 128GB,IPHONE 14 PLUS 128GB,APPLE,FLAGSHIP,EOL
PA,"149",SAMSUNG Z FOLD7 5G 12GB+512GB,SAMSUNG Z FOLD7 5G 12GB+512GB,SAMSUNG,FLAGSHIP,ACTIVE
PA,"673",IPHONE 13 128GB,IPHONE 13 128GB,APPLE,HIGH,EOL
PA,"519",SAMSUNG GALAXY A13 4+64GB,SAMSUNG GALAXY A13 4+64GB,SAMSUNG,MID,EOL
PA,"1398",SAMSUNG GALAXY A24 4GB+128GB,SAMSUNG GALAXY A24 4GB+128GB,SAMSUNG,MIDHIGH,EOL
PA,"759",IPHONE 14 PRO MAX 256GB,IPHONE 14 PRO MAX 256GB,APPLE,FLAGSHIP,EOL
PA,"729",IPHONE 14 256GB,IPHONE 14 256GB,APPLE,FLAGSHIP,EOL
PA,"735",ZTE BLADE V40 VITA,ZTE BLADE V40 VITA,ZTE,MID,EOL
PA,"764",IPHONE 14 256GB,IPHONE 14 256GB,APPLE,FLAGSHIP,EOL
PA,"1626",ZTE BLADE A33 CORE 2GB+32GB,ZTE BLADE A33 CORE 2GB+32GB,ZTE,MIDLOW,EOL
PA,"1582",HONOR X8B 8GB+256GB,HONOR X8B 8GB+256GB,HONOR,MIDHIGH,EOL
PA,"1584",HONOR X8B 8GB+256GB,HONOR X8B 8GB+256GB,HONOR,MIDHIGH,EOL
PA,"1625",SAMSUNG GALAXY A25 5G 6GB+128GB,SAMSUNG GALAXY A25 5G 6GB+128GB,SAMSUNG,MIDHIGH,EOL
PA,"1373",SAMSUNG GALAXY A34 8GB+256GB,SAMSUNG GALAXY A34 8GB+256GB,SAMSUNG,HIGH,EOL
PA,"549",SAMSUNG GALAXY A33 6GB+128GB,SAMSUNG GALAXY A33 6GB+128GB,SAMSUNG,HIGH,EOL
PA,"707",HONOR X6S 4+128GB,HONOR X6S 4+128GB,HONOR,MID,EOL
PA,"708",HONOR X6S 4+128GB,HONOR X6S 4+128GB,HONOR,MID,EOL
PA,"747",IPHONE 14 PRO 256GB,IPHONE 14 PRO 256GB,APPLE,FLAGSHIP,EOL
PA,"710",HONOR X6 4GB+64GB,HONOR X6 4GB+64GB,HONOR,MID,EOL
PA,"1590",SAMSUNG GALAXY A05 4GB+128GB,SAMSUNG GALAXY A05 4GB+128GB,SAMSUNG,MID,EOL
PA,"511",SAMSUNG GALAXY S22 PLUS 8+256GB,SAMSUNG GALAXY S22 PLUS 8+256GB,SAMSUNG,FLAGSHIP,EOL
PA,"751",IPHONE 14 PRO 256GB,IPHONE 14 PRO 256GB,APPLE,FLAGSHIP,EOL
PA,"756",SAMSUNG GALAXY S23 PLUS 8GB+512GB,SAMSUNG GALAXY S23 PLUS 8GB+512GB,SAMSUNG,FLAGSHIP,EOL
PA,"709",HONOR X6 4GB+64GB,HONOR X6 4GB+64GB,HONOR,MID,EOL
PA,"1583",HONOR X8B 8GB+256GB,HONOR X8B 8GB+256GB,HONOR,MIDHIGH,EOL
PA,"1608",SAMSUNG GALAXY S24 ULTRA 12GB+512GB,SAMSUNG GALAXY S24 ULTRA 12GB+512GB,SAMSUNG,FLAGSHIP,EOL
PA,"1599",SAMSUNG GALAXY A15 6GB+128GB,SAMSUNG GALAXY A15 6GB+128GB,SAMSUNG,MID,EOL
PA,"1327",HONOR MAGIC 5 LITE 6GB+128GB,HONOR MAGIC 5 LITE 6GB+128GB,HONOR,HIGH,EOL
PA,"1377",SAMSUNG A14 LTE 4GB+128GB,SAMSUNG A14 LTE 4GB+128GB,SAMSUNG,MID,EOL
PA,"1395",XIAOMI REDMI 12C 4GB+128GB,XIAOMI REDMI 12C 4GB+128GB,XIAOMI,MID,EOL
PA,"1661",TECNO SPARK GO 2024 4GB+128GB,TECNO SPARK GO 2024 4GB+128GB,TECNO,MID,EOL
PA,"1323",SAMSUNG GALAXY A04S 4GB+128GB,SAMSUNG GALAXY A04S 4GB+128GB,SAMSUNG,MID,EOL
PA,"582",HONOR 70 8GB+256GB,HONOR 70 8GB+256GB,HONOR,ULTRA HIGH,EOL
PA,"1843",SAMSUNG GALAXY A16 5G 6GB+128GB,SAMSUNG GALAXY A16 5G 6GB+128GB,SAMSUNG,MID,ACTIVO
PA,"1647",SAMSUNG GALAXY S24 8+256GB,SAMSUNG GALAXY S24 8+256GB,SAMSUNG,FLAGSHIP,EOL
PA,"1663",TECNO SPARK 20 8GB+256GB,TECNO SPARK 20 8GB+256GB,TECNO,MID,EOL
PA,"1640",HONOR MAGIC 6 LITE 8G+ 256 GB,HONOR MAGIC 6 LITE 8G+ 256 GB,HONOR,MIDHIGH,EOL
PA,"726",IPHONE 14 128GB,IPHONE 14 128GB,APPLE,ULTRA HIGH,EOL
PA,"1639",HONOR MAGIC 6 LITE 8G+ 256 GB,HONOR MAGIC 6 LITE 8G+ 256 GB,HONOR,MIDHIGH,EOL
PA,"148",SAMSUNG Z FOLD7 12GB+512GB,SAMSUNG Z FOLD7 12GB+512GB,SAMSUNG,FLAGSHIP,ACTIVE
PA,"1662",TECNO SPARK 20 PRO 8GB+256GB,TECNO SPARK 20 PRO 8GB+256GB,TECNO,MID,EOL
PA,"1331",SAMSUNG GALAXY S23 PLUS 8GB+256GB,SAMSUNG GALAXY S23 PLUS 8GB+256GB,SAMSUNG,FLAGSHIP,EOL
PA,"2782",TECNO SPARK 40 5G 8GB+256GB,TECNO SPARK 40 5G 8GB+256GB,TECNO,MIDLOW,ACTIVE
PA,"2393",TECNO SPARK 30 5G 8GB+256GB,TECNO SPARK 30 5G 8GB+256GB,TECNO,MIDLOW,ACTIVE
PA,"2780",TECNO SPARK 40 4GB+256GB,TECNO SPARK 40 4GB+256GB,TECNO,MIDLOW,ACTIVE
PA,"2392",TECNO SPARK 30 5G 8GB+256GB,TECNO SPARK 30 5G 8GB+256GB,TECNO,MIDLOW,ACTIVE
PA,"205",HONOR MAGIC 8 LITE 5G 8GB+256GB,HONOR MAGIC 8 LITE 5G 8GB+256GB,HONOR,,ACTIVE
PA,"2404",SAMSUNG S26 12GB+256GB,SAMSUNG S26 12GB+256GB,SAMSUNG,,ACTIVE
PA,"2414",SAMSUNG A17 5G 8GB+256GB,SAMSUNG A17 5G 8GB+256GB,SAMSUNG,,ACTIVE
PA,"2399",BMOBILE ORION A1 4GB+64GB,BMOBILE ORION A1 4GB+64GB,BMOBILE,,ACTIVE
PA,"2413",SAMSUNG S26 ULTRA 12GB+512GB,SAMSUNG S26 ULTRA 12GB+512GB,SAMSUNG,,ACTIVE
PA,"2408",SAMSUNG S26 PLUS 12GB+512GB,SAMSUNG S26 PLUS 12GB+512GB,SAMSUNG,,ACTIVE
PA,"2410",SAMSUNG S26 ULTRA 12GB+512GB,SAMSUNG S26 ULTRA 12GB+512GB,SAMSUNG,,ACTIVE
PA,"2418",OPPO A6X 4GB+128GB,OPPO A6X 4GB+128GB,OPPO,,ACTIVE
PA,"2405",SAMSUNG S26 12GB+256GB,SAMSUNG S26 12GB+256GB,SAMSUNG,,ACTIVE
PA,"2407",SAMSUNG S26 12GB+256GB,SAMSUNG S26 12GB+256GB,SAMSUNG,,ACTIVE
PA,"2403",HONOR MAGIC 8 PRO 5G 12GB+512GB,HONOR MAGIC 8 PRO 5G 12GB+512GB,HONOR,,ACTIVE
PA,"251",SAMSUNG S26 PLUS 12GB+512GB,SAMSUNG S26 PLUS 12GB+512GB,SAMSUNG,,ACTIVE
PA,"2417",OPPO A6X 4GB+128GB,OPPO A6X 4GB+128GB,OPPO,,ACTIVE
PA,"2415",SAMSUNG A17 5G 8GB+256GB,SAMSUNG A17 5G 8GB+256GB,SAMSUNG,,ACTIVE
PA,"250",SAMSUNG S26 PLUS 12GB+512GB,SAMSUNG S26 PLUS 12GB+512GB,SAMSUNG,,ACTIVE
PA,"2406",SAMSUNG S26 12GB+256GB,SAMSUNG S26 12GB+256GB,SAMSUNG,,ACTIVE
PA,"1815",SAMSUNG S25 12GB+256GB,SAMSUNG S25 12GB+256GB,SAMSUNG,FLAGSHIP,EOL
PA,"1836",IPHONE 16 PRO MAX 5G 256GB,IPHONE 16 PRO MAX 5G 256GB,APPLE,FLAGSHIP,ACTIVO
PA,"1790",TECNO SPARK 30C 4GB+256GB,TECNO SPARK 30C 4GB+256GB,TECNO,MIDLOW,EOL
PA,"204",ROUTER HUAWEI B311,ROUTER HUAWEI B311,HUAWEI,OTHERS,EOL
PA,"1400",SAMSUNG GALAXY TAB A8 LTE 32GB GRAY,SAMSUNG GALAXY TAB A8 LTE 32GB GRAY,SAMSUNG,OTHERS,EOL
PA,"1834",IPHONE 16 PRO 5G 128GB,IPHONE 16 PRO 5G 128GB,APPLE,FLAGSHIP,ACTIVO
PA,"1884",HONOR 400 12GB+512GB,HONOR 400 12GB+512GB,HONOR,HIGH,ACTIVO
PA,"1883",HONOR 400 12GB+512GB,HONOR 400 12GB+512GB,HONOR,HIGH,ACTIVO
PA,"1881",HONOR 400 12GB+512GB,HONOR 400 12GB+512GB,HONOR,HIGH,ACTIVO
PA,"2013",HONOR X6C 6GB+256GB,HONOR X6C 6GB+256GB,HONOR,MID,ACTIVO
PA,"2011",HONOR X6C 6GB+256GB,HONOR X6C 6GB+256GB,HONOR,MID,ACTIVO
PA,"2021",OPPO A5 4GB+256GB,OPPO A5 4GB+256GB,OPPO,MID,ACTIVE
PA,"1597",OPPO A5 4GB+256GB,OPPO A5 4GB+256GB,OPPO,MID,ACTIVE
PA,"2012",SAMSUNG GALAXY A16 LTE 8GB+256GB,SAMSUNG GALAXY A16 LTE 8GB+256GB,SAMSUNG,MID,ACTIVO
PA,"1885",HONOR 400 PRO 12GB+512GB,HONOR 400 PRO 12GB+512GB,HONOR,ULTRA HIGH,ACTIVO
PA,"1892",HONOR 400 PRO 12GB+512GB,HONOR 400 PRO 12GB+512GB,HONOR,ULTRA HIGH,ACTIVO
PA,"2347",SAMSUNG TAB ACTIVE 5 5G 6GB+128GB,SAMSUNG TAB ACTIVE 5 5G 6GB+128GB,SAMSUNG,ULTRA HIGH,ACTIVE
PA,"1900",HONOR 400 LITE 5G 8GB+256GB,HONOR 400 LITE 5G 8GB+256GB,HONOR,MIDHIGH,ACTIVO
PA,"1897",HONOR 400 LITE 5G 8GB+256GB,HONOR 400 LITE 5G 8GB+256GB,HONOR,MIDHIGH,ACTIVO
PA,"2348",HONOR 400 LITE 5G 8GB+256GB,HONOR 400 LITE 5G 8GB+256GB,HONOR,MIDHIGH,ACTIVO
PA,"2391",TECNO POVA 7 5G 8GB+256GB,TECNO POVA 7 5G 8GB+256GB,TECNO,MIDHIGH,ACTIVE
PA,"2380",SAMSUNG S25 FE 5G 8GB+512GB,SAMSUNG S25 FE 5G 8GB+512GB,SAMSUNG,ULTRA HIGH,ACTIVE
PA,"2776",SAMSUNG S25 FE 5G 8GB+512GB,SAMSUNG S25 FE 5G 8GB+512GB,SAMSUNG,FLAGSHIP,ACTIVE
PA,"2388",TECNO SPARK 40 5G 8GB+256GB,TECNO SPARK 40 5G 8GB+256GB,TECNO,MIDLOW,ACTIVE
PA,"2775",SAMSUNG S25 FE 5G 8GB+512GB,SAMSUNG S25 FE 5G 8GB+512GB,SAMSUNG,FLAGSHIP,ACTIVE
PA,"2390",TECNO POVA 7 5G 8GB+256GB,TECNO POVA 7 5G 8GB+256GB,TECNO,MIDHIGH,ACTIVE
PA,"2386",TECNO SPARK 40 4GB+256GB,TECNO SPARK 40 4GB+256GB,TECNO,MIDLOW,ACTIVE
PA,"2779",TECNO SPARK 40 4GB+256GB,TECNO SPARK 40 4GB+256GB,TECNO,MIDLOW,ACTIVE
PA,"160",TECNO SPARK 40 4GB+256GB,TECNO SPARK 40 4GB+256GB,TECNO,MIDLOW,ACTIVE
PA,"2777",HONOR 400 SMART 5G 8GB+256GB,HONOR 400 SMART 5G 8GB+256GB,HONOR,MID,ACTIVE
PA,"2784",TECNO SPARK 30 5G 8GB+256GB,TECNO SPARK 30 5G 8GB+256GB,TECNO,MIDLOW,ACTIVE
PA,"2783",TECNO POVA 7 5G 8GB+256GB,TECNO POVA 7 5G 8GB+256GB,TECNO,MIDHIGH,ACTIVE
PA,"2384",HONOR 400 SMART 5G 8GB+256GB,HONOR 400 SMART 5G 8GB+256GB,HONOR,MID,ACTIVE
PA,"2781",TECNO SPARK 40 5G 8GB+256GB,TECNO SPARK 40 5G 8GB+256GB,TECNO,MIDLOW,ACTIVE
PA,"2389",TECNO SPARK 40 5G 8GB+256GB,TECNO SPARK 40 5G 8GB+256GB,TECNO,MIDLOW,ACTIVE
PA,"2395",OPPO A5 4GB+256GB,OPPO A5 4GB+256GB,OPPO,,ACTIVO
PA,"2409",SAMSUNG S26 ULTRA 12GB+512GB,SAMSUNG S26 ULTRA 12GB+512GB,SAMSUNG,,ACTIVE
PA,"246",SAMSUNG S26 PLUS 12GB+512GB,SAMSUNG S26 PLUS 12GB+512GB,SAMSUNG,,ACTIVE
PA,"2416",SAMSUNG A17 5G 8GB+256GB,SAMSUNG A17 5G 8GB+256GB,SAMSUNG,,ACTIVE
PA,"2400",HONOR MAGIC 8 PRO 5G 12GB+512GB,HONOR MAGIC 8 PRO 5G 12GB+512GB,HONOR,,ACTIVE
PA,"2412",SAMSUNG S26 ULTRA 12GB+512GB,SAMSUNG S26 ULTRA 12GB+512GB,SAMSUNG,,ACTIVE
PA,"490",SAMSUNG GALAXY A03 4+64GB,SAMSUNG GALAXY A03 4+64GB,SAMSUNG,MID,EOL
PA,"501",MOTOROLA G20 4GB+128GB,MOTOROLA G20 4GB+128GB,MOTOROLA,MIDHIGH,EOL
PA,"550",SAMSUNG GALAXY A33 6GB+128GB,SAMSUNG GALAXY A33 6GB+128GB,SAMSUNG,HIGH,EOL
PA,"728",IPHONE 14 128GB,IPHONE 14 128GB,APPLE,ULTRA HIGH,EOL
PA,"1818",TECNO SPARK 30 8GB+256GB,TECNO SPARK 30 8GB+256GB,TECNO,MID,EOL
PA,"1841",MIFI TCL MW45,MIFI TCL MW45,TCL,OTHERS,ACTIVO
PA,"1826",IPHONE 16 PRO 5G 256GB,IPHONE 16 PRO 5G 256GB,APPLE,FLAGSHIP,ACTIVO
PA,"1840",SAMSUNG GALAXY A35 5G 8GB+256GB,SAMSUNG GALAXY A35 5G 8GB+256GB,SAMSUNG,MIDHIGH,EOL
PA,"45122",BMOBILE BL50,BMOBILE BL50,BMOBILE,ENTRY,EOL
PA,"1615",SAMSUNG GALAXY A35 5G 8GB+256GB,SAMSUNG GALAXY A35 5G 8GB+256GB,SAMSUNG,MIDHIGH,EOL
PA,"763",IPHONE 14 PRO MAX 128GB,IPHONE 14 PRO MAX 128GB,APPLE,FLAGSHIP,EOL
PA,"725",IPHONE 14 128GB,IPHONE 14 128GB,APPLE,ULTRA HIGH,EOL
PA,"736",ZTE BLADE A52,ZTE BLADE A52,ZTE,MIDLOW,EOL
PA,"576",SAMSUNG A03 CORE 2GB+32GB,SAMSUNG A03 CORE 2GB+32GB,SAMSUNG,MID,EOL
PA,"517",SAMSUNG GALAXY A23 4GB+128GB,SAMSUNG GALAXY A23 4GB+128GB,SAMSUNG,MIDHIGH,EOL
PA,"529",HONOR X8 6GB+128GB,HONOR X8 6GB+128GB,HONOR,MIDHIGH,EOL
PA,"530",HONOR X7 4GB+128GB,HONOR X7 4GB+128GB,HONOR,MID,EOL
PA,"383",SAMSUNG A36 5G EE 8GB+256GB,SAMSUNG A36 5G EE 8GB+256GB,SAMSUNG,,ACTIVE
PA,"2793",SAMSUNG A56 5G EE 12GB+256GB,SAMSUNG A56 5G EE 12GB+256GB,SAMSUNG,,ACTIVE
PA,"382",SAMSUNG A26 5G 8GB+256GB,SAMSUNG A26 5G 8GB+256GB,SAMSUNG,,ACTIVE
PA,"1865",IPHONE 16E 128GB,IPHONE 16E 128GB,APPLE,ULTRA HIGH,ACTIVO
PA,"1866",IPHONE 16E 128GB,IPHONE 16E 128GB,APPLE,ULTRA HIGH,ACTIVO
PA,"1874",SAMSUNG A56 5G 12GB+256GB,SAMSUNG A56 5G 12GB+256GB,SAMSUNG,HIGH,ACTIVO
PA,"1860",HONOR 200 PRO 5G 12GB+512GB,HONOR 200 PRO 5G 12GB+512GB,HONOR,ULTRA HIGH,ACTIVO
PA,"1811",SAMSUNG A26 5G 8GB+256GB,SAMSUNG A26 5G 8GB+256GB,SAMSUNG,MIDHIGH,ACTIVO
PA,"1812",SAMSUNG A36 5G 8GB+256GB,SAMSUNG A36 5G 8GB+256GB,SAMSUNG,MIDHIGH,ACTIVO
PA,"1750",SAMSUNG GALAXY A06 4GB+128GB,SAMSUNG GALAXY A06 4GB+128GB,SAMSUNG,MIDLOW,ACTIVO
PA,"1772",HONOR X6B 6GB+256GB,HONOR X6B 6GB+256GB,HONOR,MID,ACTIVO
PA,"1770",TECNO SPARK 30 8GB+256GB,TECNO SPARK 30 8GB+256GB,TECNO,MID,EOL
PA,"1771",TECNO SPARK 30 PRO 8GB+256GB,TECNO SPARK 30 PRO 8GB+256GB,TECNO,MID,ACTIVO
PA,"1734",HONOR 200 12GB+256GB,HONOR 200 12GB+256GB,HONOR,HIGH,EOL
PA,"1878",IPHONE 16 PRO MAX 5G 1TB,IPHONE 16 PRO MAX 5G 1TB,APPLE,FLAGSHIP,EOL
PA,"1747",SAMSUNG Z FOLD 6 12GB+512GB,SAMSUNG Z FOLD 6 12GB+512GB,SAMSUNG,FLAGSHIP,EOL
PA,"1730",HONOR 200 PRO 5G 12GB+512GB,HONOR 200 PRO 5G 12GB+512GB,HONOR,ULTRA HIGH,ACTIVO
PA,"1735",HONOR 200 12GB+256GB,HONOR 200 12GB+256GB,HONOR,HIGH,EOL
PA,"1879",ROUTER HUAWEI B320-523,ROUTER HUAWEI B320-523,HUAWEI,OTHERS,ACTIVO
PA,"1788",HONOR X7C 8+256GB,HONOR X7C 8+256GB,HONOR,MID,ACTIVO
PA,"1789",SAMSUNG GALAXY TAB A9+ LTE 64GB,SAMSUNG GALAXY TAB A9+ LTE 64GB,SAMSUNG,OTHERS,EOL
PA,"1792",HONOR X6B 6GB+256GB,HONOR X6B 6GB+256GB,HONOR,MID,ACTIVO
PA,"1817",SAMSUNG S25 ULTRA 12GB+512GB,SAMSUNG S25 ULTRA 12GB+512GB,SAMSUNG,FLAGSHIP,ACTIVO
PA,"1779",OPPO A40 4GB+256GB,OPPO A40 4GB+256GB,OPPO,MID,ACTIVO
PA,"1778",IPHONE 16 PRO MAX 5G 512GB,IPHONE 16 PRO MAX 5G 512GB,APPLE,FLAGSHIP,ACTIVO
PA,"1793",HONOR MAGIC 7 LITE 5G 8GB+512GB,HONOR MAGIC 7 LITE 5G 8GB+512GB,HONOR,MIDHIGH,ACTIVO
PA,"1786",HONOR X7C 8+256GB,HONOR X7C 8+256GB,HONOR,MID,ACTIVO
PA,"1773",IPHONE 16 PRO 5G 128GB,IPHONE 16 PRO 5G 128GB,APPLE,FLAGSHIP,ACTIVO
PA,"1775",IPHONE 16 PRO 5G 256GB,IPHONE 16 PRO 5G 256GB,APPLE,FLAGSHIP,ACTIVO
PA,"2724",TELTONIKA FMC130 DISPOSITIVO GPS,TELTONIKA FMC130 DISPOSITIVO GPS,TELTONIKA,OTHERS,EOL
PA,"1764",BMOBILE NOVUS 65 2GB+64GB,BMOBILE NOVUS 65 2GB+64GB,BMOBILE,ENTRY,ACTIVO
PA,"1781",OPPO A60 8GB+256GB,OPPO A60 8GB+256GB,OPPO,MID,ACTIVO
PA,"1816",SAMSUNG S25 PLUS 12GB+256GB,SAMSUNG S25 PLUS 12GB+256GB,SAMSUNG,FLAGSHIP,ACTIVO
PA,"232",BMOBILE BL50,BMOBILE BL50,BMOBILE,ENTRY,EOL
PA,"1691",HONOR MAGIC V2 16GB+512GB,HONOR MAGIC V2 16GB+512GB,HONOR,FLAGSHIP,EOL
PA,"1232",BMOBILE BL50,BMOBILE BL50,BMOBILE,ENTRY,EOL
PA,"1622",SAMSUNG GALAXY A55 5G 8GB+256GB,SAMSUNG GALAXY A55 5G 8GB+256GB,SAMSUNG,HIGH,EOL
PA,"690",HONOR MAGIC 6 PRO 12GB+512GB,HONOR MAGIC 6 PRO 12GB+512GB,HONOR,FLAGSHIP,EOL
PA,"1404",HONOR MAGIC VS 12GB+512GB,HONOR MAGIC VS 12GB+512GB,HONOR,FLAGSHIP,EOL
PA,"459",SAMSUNG GALAXY Z FOLD3 12+256GB,SAMSUNG GALAXY Z FOLD3 12+256GB,SAMSUNG,FLAGSHIP,EOL
PA,"587",XIAOMI REDMI 10C 4GB+64GB,XIAOMI REDMI 10C 4GB+64GB,XIAOMI,MID,EOL
PA,"1665",HONOR X6A PLUS 6GB+256GB,HONOR X6A PLUS 6GB+256GB,HONOR,MID,EOL
PA,"714",SAMSUNG GALAXY S21 FE,SAMSUNG GALAXY S21 FE,SAMSUNG,ULTRA HIGH,EOL
PA,"202",IPHONE SE 64GB,IPHONE SE 64GB,IPHONE,HIGH,EOL
PA,"2837",IPHONE 13 PRO 128GB,IPHONE 13 PRO 128GB,IPHONE,FLAGSHIP,EOL
PA,"2839",IPHONE 13 PRO 256GB,IPHONE 13 PRO 256GB,IPHONE,FLAGSHIP,EOL
PA,"535",ZTE BLADE A51,ZTE BLADE A51,ZTE,MIDLOW,EOL
PA,"2844",IPHONE 13 PRO 256GB,IPHONE 13 PRO 256GB,IPHONE,FLAGSHIP,EOL
PA,"545",SAMSUNG GALAXY S22 PLUS 8+128GB,SAMSUNG GALAXY S22 PLUS 8+128GB,SAMSUNG,FLAGSHIP,EOL
PA,"572",IPHONE 13 PRO MAX 128GB,IPHONE 13 PRO MAX 128GB,IPHONE,FLAGSHIP,EOL
PA,"1191",IPHONE 14 PLUS 256GB,IPHONE 14 PLUS 256GB,IPHONE,FLAGSHIP,EOL
PA,"738",HONOR X7 4GB+128GB,HONOR X7 4GB+128GB,HONOR,MID,EOL
PA,"567",IPHONE 13 256GB,IPHONE 13 256GB,IPHONE,FLAGSHIP,EOL
PA,"2843",IPHONE 13 PRO MAX 256GB,IPHONE 13 PRO MAX 256GB,IPHONE,FLAGSHIP,EOL
PA,"542",SAMSUNG GALAXY A13 3+32GB,SAMSUNG GALAXY A13 3+32GB,SAMSUNG,MID,EOL
PA,"2337",MIFI ALCATEL MW41,MIFI ALCATEL MW41,ALCATEL,OTHERS,EOL
PA,"1623",SAMSUNG GALAXY A55 5G 8GB+256GB,SAMSUNG GALAXY A55 5G 8GB+256GB,SAMSUNG,HIGH,EOL
PA,"1690",HONOR MAGIC 6 PRO 12GB+512GB,HONOR MAGIC 6 PRO 12GB+512GB,HONOR,FLAGSHIP,EOL
PA,"1705",SAMSUNG GALAXY A25 5G 8GB+256GB,SAMSUNG GALAXY A25 5G 8GB+256GB,SAMSUNG,MIDHIGH,EOL
