PAIS;COD_SKU;FAMILY;MODEL_NAME;BRAND;TIER;STATUS
PY;CO9934;IPHONE 14;IPHONE 14 PLUS 256GB STARLIGHT;APPLE;FLAGSHIP;EOL
PY;CO9537;HUAWEI NOVA Y70;HUAWEI NOVA Y70 4GB+128GB MIDNIGHT BLACK;HUAWEI;MID;EOL
PY;CO246A;MOTOROLA E13;MOTOROLA E13 2GB+64GB;MOTOROLA;MID;EOL
PY;CO383A;MOTOROLA E13;KIT TIGO MOTOROLA E13 2GB+64GB;MOTOROLA;MID;EOL
PY;CO9324;SAMSUNG A53;SAMSUNG A53 5G 6GB+128GB BLACK;SAMSUNG;HIGH;EOL
PY;CO8824;SAMSUNG A52S;SAMSUNG A52S 128GB;SAMSUNG;HIGH;EOL
PY;CO231A;TECNO SPARK 10C;TECNO SPARK 10C 8GB+128GB BLACK;TECNO;MID;EOL
PY;CO436A;TECNO SPARK 10C;TECNO SPARK 10C 8GB+128GB BLACK WBUNDLE;TECNO;MID;EOL
PY;CO9796;HUAWEI Y61;HUAWEI Y61 4GB+64GB;HUAWEI;MID;EOL
PY;CO082A;MOTOROLA E22I;KIT TIGO MOTOROLA E22I 2GB +64GB BLACK;MOTOROLA;MID;EOL
PY;CO230A;SAMSUNG A24;SAMSUNG A24 4GB+128GB;SAMSUNG;MID HIGH;EOL
PY;CO7706;BOLD M6;BOLD M6 2GB+32GB BLACK;BOLD;MID LOW;EOL
PY;CO398A;BLU G52L;BLU G52L 2GB+64GB GREY;BLU;MID LOW;EOL
PY;CO6822;;KIT TIGO SAMSUNG J2 CORE BLACK;SAMSUNG;MID;EOL
PY;CO7487;;NOKIA 2.2;NOKIA;MID;EOL
PY;CO7608;;iPhone 11 Pro Max 256GB Space Grey;APPLE;FLAGSHIP;EOL
PY;CO7705;;HUAWEI MODEM E8372H;HUAWEI;MODEMS;EOL
PY;CO7769;;SAMSUNG S10 LITE;SAMSUNG;ULTRA HIGH;EOL
PY;CO7974;;KIT TIGO SAMSUNG A01 2+32GB;SAMSUNG;MID;EOL
PY;CO814A;TECNO SPARK 20 PRO 8GB+256GB;TECNO SPARK 20 PRO 8GB+256GB;TECNO;MID;EOL
PY;CO9950;IPHONE 14;IPHONE 14 PRO 256GB DEEP PURPLE;APPLE;FLAGSHIP;EOL
PY;CO5937;HUAWEI Y7;HUAWEI Y7;HUAWEI;MID;EOL
PY;CO6878;IPHONE XS;IPHONE XS SPACE GREY 64GB;APPLE;FLAGSHIP;EOL
PY;CO7985;LG K71;LG K71;LG;HIGH;EOL
PY;CO6331;SAMSUNG GALAXY S9;SAMSUNG GALAXY S9+;SAMSUNG;FLAGSHIP;EOL
PY;CO8431;BOLD M6 2021;KIT TIGO BOLD M6 2021;BOLD;MID LOW;EOL
PY;CO668A;IPHONE 15 256GB;IPHONE 15 BLACK 256GB;APPLE;FLAGSHIP;ACTIVE
PY;CO689B;MAGIC 7 LITE;HONOR MAGIC 7 LITE 5G 8GB+512GB BLACK;HONOR;MID HIGH;NEW
PY;CO161C;SAMSUNG A17;SAMSUNG A17 LTE 4GB+128GB;SAMSUNG;MID;ACTIVE
PY;CO023C;MOTOROLA RAZR 60;MOTOROLA RAZR 60 5G 12GB+512GB;MOTOROLA;FLAGSHIP;ACTIVE
PY;CO776A;HONOR X6A;KIT TIGO HONOR X6A 4GB+128GB BLACK;HONOR;MID;EOL
PY;CO341C;A56 PRO;ZTE BLADE A56 PRO 4GB+128GB;ZTE;LOW;NEW
PY;CO058B;SAMSUNG A15;KIT TIGO SAMSUNG A15 4GB+128GB BLACK;SAMSUNG;MID;ACTIVE
PY;CO037A;SAMSUNG GALAXY A04E;SAMSUNG GALAXY A04E 3+32GB;SAMSUNG;MID;EOL
PY;CO8153;;iPhone 12 128 Black;APPLE;FLAGSHIP;EOL
PY;CO7498;;SAMSUNG GALAXY NOTE 10;SAMSUNG;FLAGSHIP;EOL
PY;CO6504;;KIT TIGO BMOBILE AX1016 LTE BLACK;BMOBILE;ENTRY;EOL
PY;CO8319;;KIT BMOBILE BL60 1GB+32GB BLUE;BMOBILE;MID LOW;EOL
PY;CO663A;BLU;KIT BLU G52L 2GB+64GB GREY;BLU;MID LOW;EOL
PY;CO808A;SAMSUNG A05 64GB;SAMSUNG GALAXY A05 4GB+64GB BLACK;SAMSUNG;MID;EOL
PY;CO539B;RENO 12;OPPO RENO 12 12GB+512GB;OPPO;MID HIGH;ACTIVE
PY;CO792B;OPPO A20;KIT OPPO A20 4GB+128GB NEBULA RED;OPPO;MID LOW;ACTIVE
PY;CO821B;CAMON 40;TECNO CAMON 40 5G 8GB+256GB BLACK;TECNO;MID;NEW
PY;CO432C;S26 ULTRA;SAMSUNG S26 ULTRA 12GB+512GB;SAMS;FLAGSHIP;NEW
PY;CO890A;XIAOMI REDMI A3;XIAOMI REDMI A3 3GB+64GB BLACK;XIAOMI;LOW;ACTIVE
PY;CO742A;BLU C6L MAX;BLU C6L MAX 2GB+32GB BLUE;BLU;LOW;EOL
PY;CO445C;MAGIC 8 LITE;HONOR MAGIC 8 LITE 5G 8GB+256GB MIDNIGHT BLACK;HONOR;MID HIGH;NEW
PY;CO157A;SAMSUNG GALAXY S23;SAMSUNG GALAXY S23 PLUS 8GB+256GB;SAMSUNG;FLAGSHIP;EOL
PY;CO165A;SAMSUNG GALAXY S23;SAMSUNG GALAXY S23 ULTRA 12GB+256GB;SAMSUNG;FLAGSHIP;EOL
PY;CO9779;SAMSUNG Z FLIP 4;SAMSUNG Z FLIP 4 5G 8GB+256GB;SAMSUNG;FLAGSHIP;EOL
PY;CO248A;SAMSUNG A55;SAMSUNG A54 5G 6GB+128GB BLACK;SAMSUNG;HIGH;EOL
PY;CO212A;TECNO SPARK GO;KIT TIGO TECNO SPARK GO 4GB+64GB;TECNO;MID;ACTIVE
PY;CO9527;TECNO SPARK 8C;TECNO SPARK 8C 4GB+128GB BLACK;TECNO;MID;EOL
PY;CO8791;IPHONE 13;IPHONE 13 PRO GRAPHITE 256GB-LAE;APPLE;FLAGSHIP;EOL
PY;CO8986;MOTOROLA E20;MOTOROLA E20 2+32GB;MOTOROLA;MID;EOL
PY;CO7308;HUAWEI Y5;HUAWEI Y5 2019;HUAWEI;MID;EOL
PY;CO1532;;MOBIPRINT2 RUBDER KEYPAD GENERIC;MOBIPRINT2;MODEMS;EOL
PY;CO6918;;SAMSUNG A9 128GB;SAMSUNG;HIGH;EOL
PY;CO7437;;NOKIA 4.2 BLACK;NOKIA;MID;EOL
PY;CO7547;;KIT TIGO SAMSUNG A10S;SAMSUNG;MID;EOL
PY;CO7716;;SAMSUNG S20;SAMSUNG;FLAGSHIP;EOL
PY;CO7718;;SAMSUNG S20 ULTRA;SAMSUNG;FLAGSHIP;EOL
PY;CO7938;;KIT TIGO LG K20;LG;MID LOW;EOL
PY;CO8203;IPHONE 11 128GB;IPHONE 11 BLACK 128GB-LAE ;APPLE;HIGH;ACTIVE
PY;CO813A;TECNO SPARK 20C 8GB+128GB;TECNO SPARK 20C 8GB+128GB BLACK;TECNO;MID LOW;ACTIVE
PY;CO9903;IPHONE 14;IPHONE 14 128GB STARLIGHT;APPLE;FLAGSHIP;EOL
PY;CO7790;BMOBILE AX1082;BMOBILE AX1082 BLUE;BMOBILE;MID LOW;EOL
PY;CO7776;HUAWEI Y5;KIT TIGO HUAWEI Y5 2019;HUAWEI;MID;EOL
PY;CO7607;IPHONE 11;IPHONE 11 PRO 256GB SPACE GREY;APPLE;FLAGSHIP;EOL
PY;CO8766;IPHONE 13;IPHONE 13 BLUE 256GB-LAE;APPLE;FLAGSHIP;EOL
PY;CO8001;REDMI NOTE 9;REDMI NOTE 9 3GB+64GB BLACK;XIAOMI;MID HIGH;EOL
PY;CO8543;BOLD T5;BOLD T5 PLUS 1GB+32GB BLACK DUAL SIM;BOLD;MID LOW;EOL
PY;CO8429;MOTOROLA E7I POWER;KIT MOTOROLA E7I POWER 2GB+32GB BLUE;MOTOROLA;MID;EOL
PY;CO8683;MOTOROLA EDGE 20;MOTOROLA EDGE 20 LITE;MOTOROLA;HIGH;EOL
PY;CO7436;NOKIA 1 PLUS;NOKIA 1 PLUS BLACK;MOTOROLA;MID LOW;EOL
PY;CO8270;SAMSUNG GALAXY S21 PLUS;SAMSUNG GALAXY S21 PLUS;SAMSUNG;FLAGSHIP;EOL
PY;CO999A;SAMSUNG GALAXY S24 PLUS;SAMSUNG GALAXY S24 PLUS 8GB+256GB;SAMSUNG;FLAGSHIP;EOL
PY;CO829B;MOTOROLA G05;KIT MOTOROLA G05 4GB+128GB GREEN;MOTOROLA;MID;NEW
PY;CO271C;ZTE A35e;ZTE BLADE A35e 2GB+64GB;ZTE;LOW;NEW
PY;CO952A;SAMSUNG A25;SAMSUNG A25 6GB+128GB BLACK;SAMSUNG;MID HIGH;EOL
PY;CO046C;SAMSUNG Z FLIP7;SAMSUNG Z FLIP7 5G 12GB+256GB;SAMSUNG;FLAGSHIP;ACTIVE
PY;CO8040;;SAMSUNG TAB A7 2020 10.4 64GB LTE;SAMSUNG;MID HIGH;EOL
PY;CO8127;;KIT TIGO MOTOROLA G9 PLAY;MOTOROLA;MID;EOL
PY;CO7350;;KIT TIGO SAMSUNG A10 2GB+32GB BLACK;SAMSUNG;MID;EOL
PY;CO6820;;KIT TIGO NOKIA 2.1 BLUE - SILVER;NOKIA;MID;EOL
PY;CO076B;XIAOMI REDMI A3;KIT TIGO XIAOMI REDMI A3 3GB+64GB BLACK;XIAOMI;LOW;ACTIVE
PY;CO8682;;SAMSUNG Z FLIP 3 5G 8GB+256GB;SAMSUNG;FLAGSHIP;EOL
PY;CO8792;;MLVF3LZ/A IPHONE 13 PRO SILVER 256GB-LAE;APPLE;FLAGSHIP;EOL
PY;CO8318;;KIT NOKIA C1 1GB+32GB;NOKIA;MID LOW;EOL
PY;CO7447;;BMOBILE AX1082 SILVER;BMOBILE;MID LOW;EOL
PY;CO523B;IPHONE 16 PRO;IPHONE 16 PRO BLACK 256GB;APPLE;FLAGSHIP;ACTIVE
PY;CO540B;OPPO A40;OPPO A40 4GB+256GB;OPPO;MID;ACTIVE
PY;CO726B;MOTOROLA G35;MOTOROLA G35 5G 4GB+256GB BLACK;MOTOROLA;MID;NEW
PY;CO661B;SAMSUNG A16;KIT SAMSUNG A16 LTE 4GB+128GB BLACK;SAMSUNG;MID;NEW
PY;CO573B;TECNO SPARK GO ONE;KIT TIGO TECNO SPARK GO ONE 3GB+64GB STARTRAIL BLACK;TECNO;LOW;NEW
PY;CO812A;TECNO SPARK GO 2024;TECNO SPARK GO 2024 3GB+64GB BLACK;TECNO;LOW;ACTIVE
PY;CO750A;HONOR X7B;HONOR X7B 8GB+256GB BLACK;HONOR;MID HIGH;ACTIVE
PY;CO711A;IPHONE 15 PRO MAX 256GB;IPHONE 15 PRO MAX NATURAL 256GB;APPLE;FLAGSHIP;ACTIVE
PY;CO791B;TECNO 30C;KIT TIGO TECNO SPARK 30C 4GB+256GB ORBIT BLACK;TECNO;LOW;NEW
PY;CO8003;HUAWEI MIFI E5576-508;HUAWEI MIFI E5576-508;HUAWEI;MODEMS;EOL
PY;CO8991;NOKIA C01 PLUS;KIT TIGO NOKIA C01 PLUS 1GB+32GB;NOKIA;MID LOW;EOL
PY;CO065A;SAMSUNG A04;KIT TIGO SAMSUNG A04 4+64 GB;SAMSUNG;MID;EOL
PY;CO9463;SAMSUNG A13;KIT TIGO SAMSUNG A13;SAMSUNG;MID;EOL
PY;CO9917;IPHONE 14;IPHONE 14 256GB MIDNIGHT;APPLE;FLAGSHIP;EOL
PY;CO8762;IPHONE 13;IPHONE 13 MIDNIGHT 256GB-LAE;APPLE;FLAGSHIP;EOL
PY;CO204A;NOKIA G60;NOKIA G60 6GB+128GB GREY DS;NOKIA;HIGH;EOL
PY;CO9961;IPHONE 14;IPHONE 14 PRO MAX 256GB SILVER;APPLE;FLAGSHIP;EOL
PY;CO8807;IPHONE 13;IPHONE 13 PRO MAX GPH 256GB-LAE;APPLE;FLAGSHIP;EOL
PY;CO8984;SAMSUNG A03;SAMSUNG A03 4+64 GB;SAMSUNG;MID;EOL
PY;CO5624;;SAMSUNG S8;SAMSUNG;ULTRA HIGH;EOL
PY;CO5646;;LG K10 (7);LG;MID;EOL
PY;CO7803;;HUAWEI Y5 2018 BLACK DUAL SIM;HUAWEI;MID LOW;EOL
PY;CO9525;TECNO SPARK 8C;TECNO SPARK 8C 2GB+64GB BLACK;TECNO;MID;EOL
PY;CO9531;BOLD C6L;BOLD C6L 2021 2GB+32GB;BOLD;MID LOW;EOL
PY;CO9948;IPHONE 14;IPHONE 14 PRO 256GB SILVER;APPLE;FLAGSHIP;EOL
PY;CO8349;MOTOROLA G30;MOTOROLA G30 128GB;MOTOROLA;MID;EOL
PY;CO7994;MOTOROLA G9 PLAY;MOTOROLA G9 PLAY;MOTOROLA;MID;EOL
PY;CO6891;SAMSUNG A7;SAMSUNG A7 64GB;SAMSUNG;HIGH;EOL
PY;CO566B;X5B;HONOR X5B 4GB+64GB;HONOR;LOW;ACTIVE
PY;CO068C;HONOR X7D;HONOR X7D 8GB+256GB;HONOR;MID;ACTIVE
PY;CO542B;TECNO 30C;TECNO SPARK 30C 4GB+256GB;TECNO;LOW;NEW
PY;CO739A;IPHONE 15 128GB;IPHONE 15 BLACK 128GB;APPLE;ULTRA HIGH;EOL
PY;CO9565;;KIT MOTOROLA G22 4GB+128GB BLACK PRE;MOTOROLA;MID;EOL
PY;CO7973;;SAMSUNG GALAXY NOTE 20 ULTRA;SAMSUNG;FLAGSHIP;EOL
PY;CO8185;;IPHONE 12 PRO PACIFIC BLUE 256GB-LAE;APPLE;FLAGSHIP;EOL
PY;CO415A;HONOR X5 PLUS;HONOR X5 PLUS 4GB+64GB;HONOR;MID;EOL
PY;CO7680;;BOLD T5 PLUS 1GB+32GB BLUE;BOLD;ENTRY;EOL
PY;CO7840;;KIT TIGO HUAWEI Y5 2018 BLACK DUAL SIM;HUAWEI;MID LOW;EOL
PY;CO228B;SAMSUNG A25;KIT TIGO SAMSUNG A25 5G 8GB+256GB BLACK;SAMSUNG;HIGH;ACTIVE
PY;CO900A;XIAOMI REDMI NOTE 13;XIAOMI REDMI NOTE 13 8GB+256GB BLACK;XIAOMI;MID HIGH;ACTIVE
PY;CO677B;HONOR 200;HONOR 200 12GB+512GB EMERALD GREEN DUAL SIM;HONOR;HIGH;NEW
PY;CO809A;SAMSUNG A05 128 GB;SAMSUNG A05 4+128 GB;SAMSUNG;MID;EOL
PY;CO036A;MOTOROLA E22I;MOTOROLA E22I 2GB +64GB BLACK;MOTOROLA;MID;EOL
PY;CO9332;MOTOROLA EDGE 30;MOTOROLA EDGE 30;MOTOROLA;HIGH;EOL
PY;CO184A;SAMSUNG GALAXY S23;SAMSUNG GALAXY S23 8GB+256GB;SAMSUNG;FLAGSHIP;EOL
PY;CO8242;SAMSUNG A12;SAMSUNG A12 4GB+64GB BLACK;SAMSUNG;MID;EOL
PY;CO384A;BLU G73;BLU G73 6GB+128GB GRAY;BLU;MID LOW;ACTIVE
PY;CO141A;IPHONE 11;IPHONE 11 4GB+64GB BLACK;APPLE;HIGH;EOL
PY;CO347A;TECNO CAMON 20;TECNO CAMON 20 8GB+256GB BLACK;TECNO;MID;EOL
PY;CO145A;HUAWEI NOVA 10 SE;HUAWEI NOVA 10 SE 8GB+128GB;HUAWEI;HIGH;EOL
PY;CO4604;;BMOBILE AX1065;BMOBILE;MID LOW;EOL
PY;CO5195;;HUAWEI E3372 - CARGAS SOCIALES;HUAWEI;MODEMS;EOL
PY;CO5375;;SAMSUNG J2 PRIME;SAMSUNG;MID;EOL
PY;CO6501;;KIT TIGO HUAWEI Y7 2018;HUAWEI;MID;EOL
PY;CO7322;;SAMSUNG A20 3GB+32GB BLACK;SAMSUNG;MID;EOL
PY;CO8348;;MOTOROLA G100;MOTOROLA;HIGH;EOL
PY;CO628A;MOTOROLA G84;MOTOROLA G84 8GB+256GB;MOTOROLA;MID HIGH;ACTIVE
PY;CO078A;HUAWEI E5576-520 MOBILE WIFI;HUAWEI E5576-520 MOBILE WIFI;HUAWEI;LOW;ACTIVE
PY;CO9991;MOTOROLA G32;MOTOROLA G32 4GB+128GB;MOTOROLA;MID;EOL
PY;CO9108;SAMSUNG GALAXY S21 FE;SAMSUNG GALAXY S21 FE;SAMSUNG;ULTRA HIGH;EOL
PY;CO6534;BMOBILE AX1074;BMOBILE AX1074;BMOBILE;ENTRY;EOL
PY;CO8039;BMOBILE BL60;BMOBILE BL60 1GB+32GB BLUE;BMOBILE;LOW;EOL
PY;CO6503;HUAWEI Y7;HUAWEI Y7 2018;HUAWEI;MID;EOL
PY;CO8194;IPHONE 12;IPHONE 12 PRO MAX 256GB GRAPHITE;APPLE;FLAGSHIP;EOL
PY;CO6243;IPHONE X;IPHONE X SPACE GREY 64GB MQAC2CI/A;APPLE;FLAGSHIP;EOL
PY;CO7434;LG K20;LG K20;LG;MID LOW;EOL
PY;CO7660;LG K50S;LG K50S;LG;MID;EOL
PY;CO6602;LG K9;LG K9;LG;MID LOW;EOL
PY;CO7452;LG Q60;LG Q60;LG;MID;EOL
PY;CO8993;MOTOROLA E40;KIT TIGO MOTOROLA E40 4+64GB;MOTOROLA;MID;EOL
PY;CO8083;MOTOROLA E7;MOTOROLA E7;MOTOROLA;MID;EOL
PY;CO8676;MOTOROLA MOTO G60s;MOTOROLA MOTO G60s 128GB;MOTOROLA;MID HIGH;EOL
PY;CO8240;NOKIA C1;NOKIA C1 1GB+32GB BLUE;MOTOROLA;MID LOW;EOL
PY;CO7765;SAMSUNG A01;SAMSUNG A01 2GB+32GB;SAMSUNG;MID;EOL
PY;CO7404;SAMSUNG A30;SAMSUNG A30 4GB+64GB BLACK;SAMSUNG;MID HIGH;EOL
PY;CO6600;SAMSUNG J4;SAMSUNG J4;SAMSUNG;MID;EOL
PY;CO077B;BLU C6L MAX;KIT BLU C6L MAX 2GB+32GB BLACK;BLU;LOW;ACTIVE
PY;CO545B;X5B PLUS;HONOR X5B PLUS 4GB+256GB;HONOR;MID LOW;ACTIVE
PY;CO730B;SAMSUNG A06 128GB;KIT SAMSUNG A06 4GB+128GB BLACK;SAMSUNG;MID;ACTIVE
PY;CO451B;ZTE BLADE A35 CORE;ZTE BLADE A35 CORE 2G+32GB;ZTE;MID;ACTIVE
PY;CO197C;IPHONE 17 PRO;MG8J4BE/A IPHONE 17 PRO 256GB;APPLE;FLAGSHIP;ACTIVE
PY;CO206C;IPHONE 17 PRO MAX;MFYP4BE/A IPHONE 17 PRO MAX 256GB;APPLE;FLAGSHIP;ACTIVE
PY;CO8356;;MOTOROLA E7I POWER 2GB+32GB BLUE;MOTOROLA;MID;EOL
PY;CO075B;SAMSUNG A25;SAMSUNG A25 5G 8GB+256GB BLACK;SAMSUNG;HIGH;ACTIVE
PY;CO8197;;IPHONE 12 PRO MAX PBLUE 256GB-LAE;APPLE;FLAGSHIP;EOL
PY;CO8275;;SAMSUNG GALAXY S21 ULTRA;SAMSUNG;FLAGSHIP;EOL
PY;CO8808;;MLLC3LZ/A IPHONE 13 PRO MAX SLV 256GB-LAE;APPLE;FLAGSHIP;EOL
PY;CO8848;;KIT XIAOMI MI11 LITE NE 5G 128G BLACK;XIAOMI;HIGH;EOL
PY;CO373B;HONOR 200 PRO;HONOR 200 PRO 12GB+512GB BLACK DUAL SIM;HONOR;ULTRA HIGH;NEW
PY;CO699A;IPHONE 15 PRO 256GB;IPHONE 15 PRO NATURAL 256GB;APPLE;FLAGSHIP;EOL
PY;CO541B;OPPO A20;OPPO A20 4GB+128GB;OPPO;MID LOW;ACTIVE
PY;CO692B;MAGIC 7 PRO;HONOR MAGIC 7 PRO 12GB+512GB BLACK;HONOR;FLAGSHIP;NEW
PY;CO885B;IPHONE 16E;IPHONE 16E 128GB BLACK;APPLE;ULTRA HIGH;NEW
PY;CO922B;HONOR 400 PRO;HONOR 400 PRO 12GB+512GB BLACK;HONOR;MID;ACTIVE
PY;CO815B;MOTOROLA EDGE 60;MOTOROLA EDGE 60 FUSION 5G 8GB+256GB;MOTOROLA;HIGH;NEW
PY;CO455B;HONOR X5B;HONOR X5B 4GB+128GB;HONOR;LOW;ACTIVE
PY;CO185C;IPHONE 17;MG6J4BE/A IPHONE 17 256GB;APPLE;FLAGSHIP;ACTIVE
PY;CO342C;ZTE BLADE V70 MAX;ZTE BLADE V70 MAX 4GB+256GB;ZTE;MID;NEW
PY;CO9329;MOTOROLA G22;MOTOROLA G22 4GB+128GB;MOTOROLA;MID;EOL
PY;CO8985;NOKIA C01 PLUS;NOKIA C01 PLUS 1GB+32GB;NOKIA;MID LOW;EOL
PY;CO017A;SAMSUNG A04;SAMSUNG A04 4+64 GB;SAMSUNG;MID;EOL
PY;CO8352;SAMSUNG GALAXY A32;SAMSUNG GALAXY A32;SAMSUNG;MID HIGH;EOL
PY;CO8323;SAMSUNG A12;KIT TIGO SAMSUNG A12 4GB+64GB BLACK;SAMSUNG;MID;EOL
PY;CO435A;TECNO SPARK GO;TECNO SPARK GO 4GB+64GB BLACK WBUNDLE;TECNO;MID;EOL
PY;CO9313;SAMSUNG A13;SAMSUNG A13;SAMSUNG;MID;EOL
PY;CO402A;MAGIC 5 LITE;MAGIC 5 LITE 5G 8GB+256GB GREEN;HONOR;HIGH;EOL
PY;CO7353;SAMSUNG A20;KIT TIGO SAMSUNG A20;SAMSUNG;MID;EOL
PY;CO6053;;HUAWEI Y5 LITE 2017;HUAWEI;MID LOW;EOL
PY;CO6678;;KIT TIGO BMOBILE AX1074;BMOBILE;ENTRY;EOL
PY;CO6763;;SAMSUNG GALAXY NOTE 9;SAMSUNG;FLAGSHIP;EOL
PY;CO6798;;NOKIA 2.1;NOKIA;MID;EOL
PY;CO7321;;SAMSUNG A10 2GB+32GB BLACK;SAMSUNG;MID;EOL
PY;CO7364;;KIT TIGO BMOBILE AX1077 BLACK;BMOBILE;ENTRY;EOL
PY;CO7365;;KIT BMOBILE AX1077+;BMOBILE;ENTRY;EOL
PY;CO7606;;iPhone 11 128 Black;APPLE;ULTRA HIGH;EOL
PY;CO7664;;MOTOROLA ONE VISION;MOTOROLA;MID HIGH;EOL
PY;CO7777;;KIT TIGO NOKIA 2.3;NOKIA;MID;EOL
PY;CO7779;;KIT TIGO SAMSUNG A11;SAMSUNG;MID;EOL
PY;CO7806;;NOKIA 1.3;NOKIA;MID LOW;EOL
PY;CO7838;;KIT TIGO SAMSUNG A10S 2GB+32GB RED;SAMSUNG;MID;EOL
PY;CO7849;;SAMSUNG GALAXY Z FLIP 8GB+256GB BLACK;SAMSUNG;FLAGSHIP;EOL
PY;CO9759;;KIT BOLD T6L 1GB+32GB BLACK;BOLD;MID LOW;EOL
PY;CO9301;BOLD T6L;BOLD T6L 1GB+32GB BLACK;BOLD;MID LOW;EOL
PY;CO9902;IPHONE 14;IPHONE 14 128GB MIDNIGHT;APPLE;FLAGSHIP;EOL
PY;CO9960;IPHONE 14;IPHONE 14 PRO MAX 256GB SPACE BLACK;APPLE;FLAGSHIP;EOL
PY;CO6327;BMOBILE AX1016;BMOBILE AX1016 LTE BLACK;BMOBILE;ENTRY;EOL
PY;CO7306;BMOBILE AX1077;BMOBILE AX1077 BLACK;BMOBILE;ENTRY;EOL
PY;CO7236;HUAWEI P30;HUAWEI P30 LITE BLACK;HUAWEI;MID HIGH;EOL
PY;CO7668;HUAWEI P30;HUAWEI P30 LITE 6GB+256GB BLACK;HUAWEI;HIGH;EOL
PY;CO6924;IPHONE XR;IPHONE XR 128GB BLACK;APPLE;FLAGSHIP;EOL
PY;CO6885;IPHONE XS MAX;MT532CI/A-IPHONE XS MAX 256GB SPACE GREY;APPLE;FLAGSHIP;EOL
PY;CO7981;LG K22;LG K22;LG;MID;EOL
PY;CO8129;SAMSUNG GALAXY S20;SAMSUNG GALAXY S20 FE;SAMSUNG;HIGH;EOL
PY;CO6916;NOKIA 3.1;NOKIA 3.1 PLUS 32GB;MOTOROLA;MID;EOL
PY;CO9066;NOKIA G20;NOKIA G20 4GB+128GB BLUE;MOTOROLA;MID;EOL
PY;CO7768;SAMSUNG GALAXY A31;SAMSUNG GALAXY A31;SAMSUNG;MID HIGH;EOL
PY;CO7323;SAMSUNG A30;SAMSUNG A30 3GB+32GB BLACK;SAMSUNG;MID;EOL
PY;CO5543;SAMSUNG J7 PRIME;SAMSUNG J7 PRIME;SAMSUNG;MID HIGH;EOL
PY;CO6679;SAMSUNG J8;SAMSUNG J8;SAMSUNG;MID HIGH;EOL
PY;CO741A;BLU C6L MAX;BLU C6L MAX 2GB+32GB;BLU;LOW;ACTIVE
PY;CO471A;SAMSUNG GALAXY A04E;KIT TIGO SAMSUNG GALAXY A04E 3+64GB;SAMSUNG;MID;EOL
PY;CO175A;HONOR X8A;HONOR X8A 6GB+128GB;HONOR;MID HIGH;EOL
PY;CO971A;TECNO CAMON 30 8GB+256GB;TECNO CAMON 30 8GB+256GB ICELAND DARK;TECNO;MID;ACTIVE
PY;CO725B;MOTOROLA G05;MOTOROLA G05 4GB+128GB GREEN;MOTOROLA;MID;NEW
PY;CO566A;HONOR X6A;HONOR X6A 4GB+128GB BLACK;HONOR;MID;EOL
PY;CO709A;IPHONE 15 PRO MAX 256GB;IPHONE 15 PRO MAX BLACK 256GB;APPLE;FLAGSHIP;EOL
PY;CO6257;;SAMSUNG GALAXY J2 PRIME 16GB;SAMSUNG;MID;EOL
PY;CO8156;;IPHONE 12 BLUE 128GB-LAE;APPLE;FLAGSHIP;EOL
PY;CO8182;;iPhone 12 Pro 256GB Graphite;APPLE;FLAGSHIP;EOL
PY;CO8195;;IPHONE 12 PRO MAX SILVR 256GB-LAE;APPLE;FLAGSHIP;EOL
PY;CO074B;SAMSUNG A55;SAMSUNG A55 5G 8GB+256GB BLACK;SAMSUNG;HIGH;ACTIVE
PY;CO7939;;SAMSUNG GALAXY A01 CORE;SAMSUNG;MID LOW;EOL
PY;CO695B;SAMSUNG S25;SAMSUNG S25 12GB+256GB;SAMSUNG;FLAGSHIP;NEW
PY;CO680B;HONOR X7C;HONOR X7C 8GB+256GB BLACK;HONOR;MID;ACTIVE
PY;CO411B;SAMSUNG A06 64GB;KIT TIGO SAMSUNG A06 4GB+64GB BLACK;SAMSUNG;MID LOW;ACTIVE
PY;CO475B;TECNO SPARK GO ONE;TECNO SPARK GO ONE 3GB+64GB STARTRAIL BLACK;TECNO;LOW;NEW
PY;CO226B;HONOR X5 PLUS;KIT TIGO HONOR X5 PLUS 4GB+64GB;HONOR;MID;EOL
PY;CO079B;MAGIC 6 LITE 5G;HONOR MAGIC 6 LITE 5G 8GB+256GB GREEN;HONOR;MID HIGH;ACTIVE
PY;CO489B;IPHONE 16 128;IPHONE 16 BLACK 128GB;APPLE;ULTRA HIGH;ACTIVE
PY;CO630B;SAMSUNG S25 PLUS;SAMSUNG S25 ULTRA 12GB+512GB;SAMSUNG;FLAGSHIP;NEW
PY;CO216C;IPHONE AIR;MG2L4BE/A IPHONE AIR 256GB SPACE BLACK;APPLE;FLAGSHIP;NEW
PY;CO426C;HONOR X5C PLUS;HONOR X5C PLUS 4GB+256GB MIDNIGHT BLACK;HONOR;MID LOW;NEW
PY;CO9918;IPHONE 14;IPHONE 14 256GB STARLIGHT;APPLE;FLAGSHIP;EOL
PY;CO9933;IPHONE 14;IPHONE 14 PLUS 256GB MIDNIGHT;APPLE;FLAGSHIP;EOL
PY;CO8987;MOTOROLA E40;MOTOROLA E40 4+64GB ;MOTOROLA;MID;EOL
PY;CO8983;MOTOROLA EDGE 20;MOTOROLA EDGE 20 PRO 12+256GB;MOTOROLA;ULTRA HIGH;EOL
PY;CO487A;SAMSUNG Z FLIP 5;SAMSUNG Z FLIP 5 8GB+256GB GRAY LB;SAMSUNG;FLAGSHIP;EOL
PY;CO9032;SAMSUNG GALAXY A03 CORE;KIT TIGO SAMSUNG GALAXY A03 CORE;SAMSUNG;MID;EOL
PY;CO9126;SAMSUNG GALAXY S22;SAMSUNG GALAXY S22 PLUS;SAMSUNG;FLAGSHIP;EOL
PY;CO438A;TECNO SPARK GO;KIT TIGO TECNO SPARK GO 4GB+64GB BLACK WBUNDLE;TECNO;MID;EOL
PY;CO563A;MOTOROLA G14;MOTOROLA G14 4GB+128GB GRAY;MOTOROLA;MID;EOL
PY;CO1422;;KIT NOKIA 2330 GSM (Gravada);NOKIA;;EOL
PY;CO2382;;HUAWEI MODEM E3372 LTE;HUAWEI;MODEMS;EOL
PY;CO5955;;BMOBILE AX1065E;BMOBILE;MID LOW;EOL
PY;CO6387;;BMOBILE AX1073+;BMOBILE;MID LOW;EOL
PY;CO7314;;KIT TIGO HUAWEI Y6 2019;HUAWEI;MID;EOL
PY;CO7363;;BMOBILE AX1077+;BMOBILE;ENTRY;EOL
PY;CO7464;;KIT TIGO SAMSUNG J2 CORE 16GB;SAMSUNG;MID;EOL
PY;CO7656;;BOLD T5 PLUS 1GB+32GB BLACK ;BOLD;ENTRY;EOL
PY;CO7759;;NOKIA 2.3;NOKIA;MID;EOL
PY;CO7780;;KIT TIGO BOLD T5 PLUS 1GB+32GB BLACK ;BOLD;ENTRY;EOL
PY;CO7950;;IPHONE SE 128 GB BLACK;APPLE;HIGH;EOL
PY;CO8130;;SAMSUNG GALAXY Z FOLD2;SAMSUNG;FLAGSHIP;EOL
PY;CO409A;HONOR 200;HONOR 90 12GB+512GB;HONOR;ULTRA HIGH;EOL
PY;CO9757;TECNO CAMON 19;TECNO CAMON 19 6GB+128GB ECO BLACK;TECNO;MID;EOL
PY;CO8657;XIAOMI NOTE 10;XIAOMI NOTE 10 5G 4GB+128GB NIGHTTIME BLUE;XIAOMI;MID HIGH;EOL
PY;CO9564;BOLD C6L;KIT BOLD C6L 2021 1GB+32GB BLACK PRE;BOLD;MID LOW;EOL
PY;CO9963;IPHONE 14;IPHONE 14 PRO MAX 256GB DEEP PURPLE;APPLE;FLAGSHIP;EOL
PY;CO9365;IPHONE SE;IPHONE SE MIDNIGHT 128GB-LAE;APPLE;HIGH;EOL
PY;CO9772;SAMSUNG Z FOLD 4;SAMSUNG Z FOLD 4 5G 12GB+256GB;SAMSUNG;FLAGSHIP;EOL
PY;CO8989;BOLD T6;KIT BOLD T6 1GB+32GB BLACK WBUNDLE;BOLD;MID LOW;EOL
PY;CO7658;HUAWEI NOVA 5T;HUAWEI NOVA 5T;HUAWEI;HIGH;EOL
PY;CO5642;HUAWEI P10;HUAWEI P10;HUAWEI;HIGH;EOL
PY;CO6502;HUAWEI P20;HUAWEI P20 LITE;HUAWEI;MID HIGH;EOL
PY;CO6893;SAMSUNG J4;SAMSUNG J4 PLUS 32GB;SAMSUNG;MID;EOL
PY;CO8992;MOTOROLA E20;KIT TIGO MOTOROLA E20 2+32GB;MOTOROLA;MID;EOL
PY;CO7986;MOTOROLA E6S;MOTOROLA E6S;MOTOROLA;MID;EOL
PY;CO8246;SAMSUNG GALAXY A02;SAMSUNG GALAXY A02 2+32 GB;SAMSUNG;MID;EOL
PY;CO7324;SAMSUNG A50;SAMSUNG A50 4GB+64GB BLACK;SAMSUNG;HIGH;EOL
PY;CO8342;BOLD M6 2021;BOLD M6 2021;BOLD;MID LOW;EOL
PY;CO9789;HUAWEI Y90;HUAWEI Y90 6GB+128GB;HUAWEI;MID HIGH;EOL
PY;CO995A;SAMSUNG GALAXY S24;SAMSUNG GALAXY S24 8GB+256GB;SAMSUNG;ULTRA HIGH;EOL
PY;CO275C;SAMSUNG A07;SAMSUNG A07 LTE 4GB+64GB;SAMSUNG;MID;ACTIVE
PY;CO441C;MOTOROLA SIGNATURE;MOTOROLA SIGNATURE 5G 16GB+1TB;MOTOROLA;FLAGSHIP;NEW
PY;CO8320;;KIT NOKIA 1.4 2GB+32GB GRAY+SD;NOKIA;MID;EOL
PY;CO8322;;KIT XIAOMI REDMI 9A 2GB+32GB BLACK;XIAOMI;MID;EOL
PY;CO8430;;KIT TIGO MOTOROLA G30 128 GB;MOTOROLA;MID;EOL
PY;CO7312;;SAMSUNG S10 PLUS 8GB+128GB BLACK;SAMSUNG;FLAGSHIP;EOL
PY;CO5626;;SAMSUNG S8 PLUS;SAMSUNG;FLAGSHIP;EOL
PY;CO7824;;ZTE A3 2020 1GB+32GB BLACK  ;ZTE;MID LOW;EOL
PY;CO8565;;KIT TIGO ZTE A3 2020 1GB+32GB BLACK  ;ZTE;MID LOW;EOL
PY;CO8820;;3J832LZ/A IPHONE 13 MDN 128GB DEMO-LAE;APPLE;ULTRA HIGH;EOL
PY;CO377B;HONOR 200;HONOR 200 12GB+256GB EMERALD GREEN DUAL SIM;HONOR;HIGH;NEW
PY;CO724B;SAMSUNG A56;SAMSUNG A56 5G 8GB+256GB BLACK;SAMSUNG;HIGH;NEW
PY;CO340C;MOTOROLA G06;MOTOROLA G06 4GB+128GB;MOTOROLA;MID LOW;NEW
PY;CO137C;SAMSUNG A07;SAMSUNG A07 LTE 4GB+128GB BLACK;SAMSUNG;MID;NEW
PY;CO969A;TECNO SPARK GO 2024;KIT TIGO TECNO SPARK GO 2024 3GB+64GB;TECNO;LOW;ACTIVE
PY;CO9947;IPHONE 14;IPHONE 14 PRO 256GB SPACE BLACK;APPLE;FLAGSHIP;EOL
PY;CO9172;HUAWEI ROUTER B311-522;HUAWEI ROUTER B311-522 DEVICE;HUAWEI;LOW;ACTIVE
PY;CO9683;HUAWEI NOVA 9 SE;HUAWEI NOVA 9 SE 6GB+128GB CRYSTAL BLUE;HUAWEI;HIGH;EOL
PY;CO9331;MOTOROLA E32;MOTOROLA E32 4+64GB;MOTOROLA;MID;EOL
PY;CO9797;MOTOROLA G72;MOTOROLA G72 6GB+128GB BLACK;MOTOROLA;MID HIGH;EOL
PY;CO8035;NOKIA 1.4;NOKIA 1.4 2GB+32GB GRAY+SD;NOKIA;MID;EOL
PY;CO351A;SAMSUNG A04;SAMSUNG A04 4+128 GB;SAMSUNG;MID;EOL
PY;CO9125;SAMSUNG GALAXY S22;SAMSUNG GALAXY S22;SAMSUNG;FLAGSHIP;EOL
PY;CO9127;SAMSUNG GALAXY S22;SAMSUNG GALAXY S22 ULTRA;SAMSUNG;FLAGSHIP;EOL
PY;CO086A;HONOR X6S;HONOR X6S 4GB+128GB TITANIUM SILVER;HONOR;MID;EOL
PY;CO6512;HUAWEI Y5;HUAWEI Y5 2018;HUAWEI;MID LOW;EOL
PY;CO350A;SAMSUNG GALAXY A04E;SAMSUNG GALAXY A04E 3+64GB;SAMSUNG;MID;EOL
PY;CO2549;;SAMSUNG J1 ACE LTE;SAMSUNG;MID;EOL
PY;CO4418;;IPHONE 6S SPACE GRAY 64GB MKQN2CI/A;APPLE;FLAGSHIP;EOL
PY;CO6330;;SAMSUNG GALAXY S9;SAMSUNG;ULTRA HIGH;EOL
PY;CO6910;;HUAWEI Y6 2019;HUAWEI;MID;EOL
PY;CO7454;;KIT TIGO NOKIA 1 PLUS;NOKIA;MID LOW;EOL
PY;CO7717;;SAMSUNG S20 PLUS;SAMSUNG;FLAGSHIP;EOL
PY;CO7778;;KIT TIGO MOTOROLA E6 PLUS;MOTOROLA;MID;EOL
PY;CO7781;;KIT TIGO BOLD M6 2GB+32GB BLACK ;BOLD;MID LOW;EOL
PY;CO7807;;KIT TIGO NOKIA 1.3;NOKIA;MID LOW;EOL
PY;CO7995;;MOTOROLA G9 PLUS;MOTOROLA;MID HIGH;EOL
PY;CO8045;;SAMSUNG GALAXY A72 128GB;SAMSUNG;HIGH;EOL
PY;CO8244;;SAMSUNG A02S 4GB+64GB BLACK;SAMSUNG;MID;EOL
PY;CO9648;HUAWEI NOVA Y70;HUAWEI NOVA Y70 4GB+128GB CRYSTAL BLUE;HUAWEI;MID;EOL
PY;CO6452;HUAWEI P20;HUAWEI P20 NEGRO;HUAWEI;ULTRA HIGH;EOL
PY;CO6054;HUAWEI Y5;KIT HUAWEI Y5 LITE 2017;HUAWEI;MID LOW;EOL
PY;CO8761;IPHONE 13;IPHONE 13 BLUE 128GB-LAE;APPLE;FLAGSHIP;EOL
PY;CO7311;SAMSUNG S10;SAMSUNG S10 8GB+128GB BLACK;SAMSUNG;FLAGSHIP;EOL
PY;CO7766;SAMSUNG A11;SAMSUNG A11;SAMSUNG;MID;EOL
PY;CO7667;SAMSUNG A71;SAMSUNG A71;SAMSUNG;HIGH;EOL
PY;CO7489;SAMSUNG A10S;SAMSUNG A10S;SAMSUNG;MID;EOL
PY;CO7491;SAMSUNG A30S;SAMSUNG A30S;SAMSUNG;MID HIGH;EOL
PY;CO7439;SAMSUNG A80;SAMSUNG A80 8GB+128GB BLACK;SAMSUNG;ULTRA HIGH;EOL
PY;CO935A;SAMSUNG A05 64GB;KIT TIGO SAMSUNG GALAXY A05 4GB+64GB BLACK;SAMSUNG;MID;EOL
PY;CO073B;SAMSUNG A05 128 GB;KIT TIGO SAMSUNG A05 4+128 GB;SAMSUNG;MID;EOL
PY;CO396B;SAMSUNG A06 64GB;SAMSUNG A06 4GB+64GB;SAMSUNG;MID LOW;ACTIVE
PY;CO004B;SAMSUNG GALAXY S24 ULTRA;SAMSUNG GALAXY S24 ULTRA 8GB+256GB;SAMSUNG;FLAGSHIP;EOL
PY;CO7760;;SAMSUNG A10S 2GB+32GB RED DUAL SIM;SAMSUNG;MID;EOL
PY;CO8000;;XIAOMI REDMI 9A 2GB+32GB BLACK;XIAOMI;MID;EOL
PY;CO8126;;KIT MOTOROLA E6S 2GB+32GB BLACK;MOTOROLA;MID;EOL
PY;CO7972;;SAMSUNG GALAXY NOTE 20;SAMSUNG;FLAGSHIP;EOL
PY;CO227B;TECNO SPARK 20C 8GB+128GB;KIT TECNO SPARK 20C 8GB+128GB BLACK;TECNO;MID LOW;ACTIVE
PY;CO810A;SAMSUNG A15;SAMSUNG A15 4GB+128GB BLACK;SAMSUNG;MID;ACTIVE
PY;CO603B;X5B PLUS;KIT TIGO HONOR X5B PLUS 4GB+256GB BLACK;HONOR;MID LOW;ACTIVE
PY;CO729B;BLU G64L;BLU G64L 4GB+64GB DARK BLUE;BLU;LOW;NEW
PY;CO917B;HONOR 400;HONOR 400 12GB+512GB BLACK;HONOR;MID;ACTIVE
PY;CO424C;MOBIWIRE WIFI;WIFI MÓVIL MOBIWIRE CM31;MOBIWIRE;ENTRY;NEW
PY;CO204C;IPHONE 17 PRO MAX;IPHONE 17 PRO MAX 256GB SILVER;APPLE;FLAGSHIP;NEW
PY;CO225B;BLU G53;KIT TIGO BLU G53 4GB+64GB;BLU;LOW;ACTIVE
PY;CO494B;IPHONE 16 256;IPHONE 16 BLACK 256GB;APPLE;FLAGSHIP;ACTIVE
PY;CO857B;SAMSUNG A26;SAMSUNG A26 5G 8GB+256GB BLACK;SAMSUNG;HIGH;NEW
PY;CO478B;HONOR X5B;HONOR X5B 4GB+128GB;HONOR;LOW;ACTIVE
PY;CO433A;MOTOROLA EDGE 40;MOTOROLA EDGE 40 8GB +256GB BLACK;MOTOROLA;HIGH;EOL
PY;CO9609;MOTOROLA EDGE 30;MOTOROLA EDGE 30 PRO 12+256GB;MOTOROLA;ULTRA HIGH;EOL
PY;CO9282;NOKIA G21;NOKIA G21 4GB+128GB BLUE;NOKIA;MID;EOL
PY;CO495A;SAMSUNG Z FOLD 5;SAMSUNG Z FOLD 5 12GB+256GB BLACK LB;SAMSUNG;FLAGSHIP;EOL
PY;CO285A;SAMSUNG A14;SAMSUNG A14 4GB+128GB;SAMSUNG;MID;EOL
PY;CO472A;SAMSUNG A04;KIT TIGO SAMSUNG A04 4+128 GB;SAMSUNG;MID;EOL
PY;CO9479;SAMSUNG S20 FE;SAMSUNG S20 FE 5G 6GB+128GB BLUE;SAMSUNG;HIGH;EOL
PY;CO8822;SAMSUNG GALAXY A03 CORE;SAMSUNG GALAXY A03 CORE;SAMSUNG;MID;EOL
PY;CO189A;TECNO SPARK GO;TECNO SPARK GO 4GB+64GB;TECNO;MID;EOL
PY;CO058A;SAMSUNG GALAXY A04E;KIT TIGO SAMSUNG GALAXY A04E 3+32GB;SAMSUNG;MID;EOL
PY;CO8564;BOLD M7I;BOLD M7I 3GB+64GB;BOLD;MID;EOL
PY;CO8202;IPHONE SE;IPHONE SE 128GB-LAE;APPLE;HIGH;EOL
PY;CO9330;MOTOROLA G52;MOTOROLA G52 6GB+128GB;MOTOROLA;MID HIGH;EOL
PY;CO4098;;Samsung Galaxy A8 SMARPHONE;SAMSUNG;HIGH;EOL
PY;CO4574;;LG K4;LG;MID;EOL
PY;CO4626;;BMOBILE AX675;BMOBILE;ENTRY;EOL
PY;CO6500;;KIT TIGO BMOBILE AX1073+;BMOBILE;MID LOW;EOL
PY;CO6513;;KIT TIGO HUAWEI Y5 (2018);HUAWEI;MID LOW;EOL
PY;CO7432;;BMOBILE AX1082;BMOBILE;MID LOW;EOL
PY;CO7492;;SAMSUNG GALAXY NOTE 10 PLUS;SAMSUNG;FLAGSHIP;EOL
PY;CO7644;;SAMSUNG A10S 2GB+32GB BLACK DUAL SIM;SAMSUNG;MID;EOL
PY;CO7661;;MOTOROLA E6 PLUS;MOTOROLA;MID;EOL
PY;CO9109;BOLD T5;KIT TIGO BOLD T5 PLUS 1GB+32GB BLACK DUAL SIM;BOLD;MID LOW;EOL
PY;CO6015;HUAWEI P10;HUAWEI P10;HUAWEI;HIGH;EOL
PY;CO7213;HUAWEI P30;HUAWEI P30;HUAWEI;ULTRA HIGH;EOL
PY;CO7484;HUAWEI Y9;HUAWEI Y9 PRIME;HUAWEI;MID;EOL
PY;CO8757;IPHONE 13;IPHONE 13 MIDNIGHT 128GB-LAE;APPLE;FLAGSHIP;EOL
PY;CO6880;IPHONE XS;IPHONE XS SPACE GREY 256GB;APPLE;FLAGSHIP;EOL
PY;CO5816;LG K4;LG K4 2017;LG;MID LOW;EOL
PY;CO6029;SAMSUNG NOTE 8;SAMSUNG NOTE 8;SAMSUNG;FLAGSHIP;EOL
PY;CO8263;SAMSUNG GALAXY S21;SAMSUNG GALAXY S21;SAMSUNG;FLAGSHIP;EOL
PY;CO6794;SAMSUNG J2 CORE;SAMSUNG J2 CORE;SAMSUNG;MID;EOL
PY;CO7313;SAMSUNG J2;SAMSUNG J2 CORE 16GB;SAMSUNG;MID;EOL
PY;CO6328;SAMSUNG J2;SAMSUNG J2 PRO LTE;SAMSUNG;MID;EOL
PY;CO994B;MOTOROLA EDGE 60 PRO;MOTOROLA EDGE 60 PRO 12GB+512GB;MOTOROLA;FLAGSHIP;ACTIVE
PY;CO607B;X5B;KIT TIGO HONOR X5B 4GB+64GB;HONOR;LOW;ACTIVE
PY;CO048C;SAMSUNG Z FOLD7;SAMSUNG Z FOLD 7 5G 12GB+512GB;SAMSUNG;FLAGSHIP;ACTIVE
PY;CO443C;MOTOROLA G17;MOTOROLA G17 POWER 8GB+256GB;MOTOROLA;MID;NEW
PY;CO914B;SAMSUNG A56;SAMSUNG A56 5G 12GB+256GB;SAMSUNG;HIGH;NEW
PY;CO8102;;MOTOROLA G9 PLUS 4GB+128GB BLUE;MOTOROLA;MID HIGH;EOL
PY;CO8370;;KIT TIGO SAMSUNG A02 2GB+32 GB BLACK;SAMSUNG;MID;EOL
PY;CO8183;;IPHONE 12 PRO SILVER 256GB-LAE;APPLE;FLAGSHIP;EOL
PY;CO8681;;SAMSUNG Z FOLD 3 5G 12GB+256GB;SAMSUNG;FLAGSHIP;EOL
PY;CO8819;;3J794LZ/A IPHONE 13 PRO MAX GPH 128GB DEMO-LAE;APPLE;FLAGSHIP;EOL
PY;CO896A;XIAOMI REDMI 13C;XIAOMI REDMI 13C 6GB+128GB BLACK;XIAOMI;MID;ACTIVE
PY;CO697A;IPHONE 15 PRO 256GB;IPHONE 15 PRO BLACK 256GB;APPLE;FLAGSHIP;EOL
PY;CO837A;BLU G53;BLU G53 4GB+64GB;BLU;LOW;ACTIVE
PY;CO393B;SAMSUNG A06 128GB;SAMSUNG A06 4GB+128GB;SAMSUNG;MID;ACTIVE
PY;CO399B;SAMSUNG A16;SAMSUNG A16 LTE 4GB+128GB;SAMSUNG;MID;ACTIVE
PY;CO633B;SAMSUNG S25 ULTRA;SAMSUNG S25 PLUS 12GB+256GB;SAMSUNG;FLAGSHIP;NEW
PY;CO258B;MOTOROLA EDGE 50;MOTOROLA EDGE 50 FUSION 8GB+256GB BLUE;MOTOROLA;HIGH;NEW
PY;CO884B;RENO 13;OPPO RENO 13 12GB+512GB BLUE;OPPO;ULTRA HIGH;NEW
PY;CO471B;ZTE BLADE A55;ZTE BLADE A55 4G+128GB;ZTE;MID;ACTIVE
PY;CO444C;S26;SAMSUNG S26 12GB+256GB BLACK;SAMSUNG;FLAGSHIP;NEW
PY;CO9284;SAMSUNG A23;SAMSUNG A23 4GB+128GB;SAMSUNG;MID HIGH;EOL
PY;CO531B;IPHONE 16 PRO MAX;IPHONE 16 PRO MAX 256GB;APPLE;FLAGSHIP;ACTIVE
PY;CO133C;HONOR X5C PLUS;HONOR X5C PLUS 6GB+256GB;HONOR;MID;ACTIVE
